BASE,TYPE,NAME,1,2,3,4,5,6,7,8,9,10,11,12,13,ItemClass
BOOTS (INT),PREFIX,#% increased Energy Shield,LocalIncreasedEnergyShieldPercent7_,LocalIncreasedEnergyShieldPercent6,LocalIncreasedEnergyShieldPercent5,LocalIncreasedEnergyShieldPercent4,LocalIncreasedEnergyShieldPercent3,LocalIncreasedEnergyShieldPercent2,LocalIncreasedEnergyShieldPercent1,,,,,,,Boots
BOOTS (INT),PREFIX,"#% increased Energy Shield, # to Stun Threshold",LocalEnergyShieldAndStunThreshold6,LocalEnergyShieldAndStunThreshold5,LocalEnergyShieldAndStunThreshold4,LocalEnergyShieldAndStunThreshold3,LocalEnergyShieldAndStunThreshold2,LocalEnergyShieldAndStunThreshold1,,,,,,,,Boots
BOOTS (INT),PREFIX,#% increased Movement Speed,MovementVelocity6,MovementVelocity5,MovementVelocity4,MovementVelocity3,MovementVelocity2,MovementVelocity1,,,,,,,,Boots
BOOTS (INT),PREFIX,# to maximum Energy Shield,LocalIncreasedEnergyShield7,LocalIncreasedEnergyShield6,LocalIncreasedEnergyShield5,LocalIncreasedEnergyShield4,LocalIncreasedEnergyShield3,LocalIncreasedEnergyShield2,LocalIncreasedEnergyShield1,,,,,,,Boots
BOOTS (INT),PREFIX,# to maximum Life,IncreasedLife9,IncreasedLife8,IncreasedLife7,IncreasedLife6,IncreasedLife5,IncreasedLife4,IncreasedLife3,IncreasedLife2,IncreasedLife1,,,,,Boots
BOOTS (INT),PREFIX,# to maximum Mana,IncreasedMana9,IncreasedMana8,IncreasedMana7,IncreasedMana6,IncreasedMana5,IncreasedMana4,IncreasedMana3,IncreasedMana2,IncreasedMana1,,,,,Boots
BOOTS (INT),SUFFIX,# Life Regeneration per second,LifeRegeneration8_,LifeRegeneration7,LifeRegeneration6,LifeRegeneration5,LifeRegeneration4,LifeRegeneration3,LifeRegeneration2,LifeRegeneration1,,,,,,Boots
BOOTS (INT),SUFFIX,#% increased Rarity of Items found,ItemFoundRarityIncrease3,ItemFoundRarityIncrease2,ItemFoundRarityIncrease1,,,,,,,,,,,Boots
BOOTS (INT),SUFFIX,#% reduced Attribute Requirements,ReducedLocalAttributeRequirements5,ReducedLocalAttributeRequirements4,ReducedLocalAttributeRequirements3,ReducedLocalAttributeRequirements2,ReducedLocalAttributeRequirements1,,,,,,,,,Boots
BOOTS (INT),SUFFIX,#% reduced Chill Duration on you,ReducedChillDuration5,ReducedChillDuration4,ReducedChillDuration3,ReducedChillDuration2,ReducedChillDuration1,,,,,,,,,Boots
BOOTS (INT),SUFFIX,#% reduced Freeze Duration on you,ReducedFreezeDuration5,ReducedFreezeDuration4,ReducedFreezeDuration3,ReducedFreezeDuration2,ReducedFreezeDuration1,,,,,,,,,Boots
BOOTS (INT),SUFFIX,#% reduced Shock duration on you,ReducedShockDuration5,ReducedShockDuration4,ReducedShockDuration3,ReducedShockDuration2,ReducedShockDuration1,,,,,,,,,Boots
BOOTS (INT),SUFFIX,# to Intelligence,Intelligence8,Intelligence7,Intelligence6,Intelligence5,Intelligence4,Intelligence3,Intelligence2,Intelligence1,,,,,,Boots
BOOTS (INT),SUFFIX,# to Stun Threshold,StunThreshold11,StunThreshold10,StunThreshold9,StunThreshold8,StunThreshold7,StunThreshold6,StunThreshold5,StunThreshold4,StunThreshold3,StunThreshold2,StunThreshold1,,,Boots
BOOTS (INT),SUFFIX,#% to Chaos Resistance,ChaosResist6,ChaosResist5,ChaosResist4,ChaosResist3,ChaosResist2,ChaosResist1,,,,,,,,Boots
BOOTS (INT),SUFFIX,#% to Cold Resistance,ColdResist8,ColdResist7,ColdResist6,ColdResist5,ColdResist4,ColdResist3,ColdResist2,ColdResist1,,,,,,Boots
BOOTS (INT),SUFFIX,#% to Fire Resistance,FireResist8,FireResist7,FireResist6,FireResist5,FireResist4,FireResist3,FireResist2,FireResist1,,,,,,Boots
BOOTS (INT),SUFFIX,#% to Lightning Resistance,LightningResist8,LightningResist7,LightningResist6,LightningResist5,LightningResist4,LightningResist3,LightningResist2,LightningResist1,,,,,,Boots
BOOTS (INT),SUFFIX,#% increased Energy Shield Recharge Rate,EnergyShieldRechargeRate4,EnergyShieldRechargeRate3,EnergyShieldRechargeRate2,EnergyShieldRechargeRate1,,,,,,,,,,Boots
BOOTS (DEX),PREFIX,#% increased Evasion Rating,LocalIncreasedEvasionRatingPercent7,LocalIncreasedEvasionRatingPercent6,LocalIncreasedEvasionRatingPercent5,LocalIncreasedEvasionRatingPercent4,LocalIncreasedEvasionRatingPercent3,LocalIncreasedEvasionRatingPercent2,LocalIncreasedEvasionRatingPercent1,,,,,,,Boots
BOOTS (DEX),PREFIX,"#% increased Evasion Rating, # to Stun Threshold",LocalEvasionAndStunThreshold6,LocalEvasionAndStunThreshold5,LocalEvasionAndStunThreshold4,LocalEvasionAndStunThreshold3,LocalEvasionAndStunThreshold2,LocalEvasionAndStunThreshold1,,,,,,,,Boots
BOOTS (DEX),PREFIX,#% increased Movement Speed,MovementVelocity6,MovementVelocity5,MovementVelocity4,MovementVelocity3,MovementVelocity2,MovementVelocity1,,,,,,,,Boots
BOOTS (DEX),PREFIX,# to Evasion Rating,LocalIncreasedEvasionRating7_,LocalIncreasedEvasionRating6,LocalIncreasedEvasionRating5,LocalIncreasedEvasionRating4,LocalIncreasedEvasionRating3,LocalIncreasedEvasionRating2,LocalIncreasedEvasionRating1,,,,,,,Boots
BOOTS (DEX),PREFIX,# to maximum Life,IncreasedLife9,IncreasedLife8,IncreasedLife7,IncreasedLife6,IncreasedLife5,IncreasedLife4,IncreasedLife3,IncreasedLife2,IncreasedLife1,,,,,Boots
BOOTS (DEX),PREFIX,# to maximum Mana,IncreasedMana9,IncreasedMana8,IncreasedMana7,IncreasedMana6,IncreasedMana5,IncreasedMana4,IncreasedMana3,IncreasedMana2,IncreasedMana1,,,,,Boots
BOOTS (DEX),SUFFIX,# Life Regeneration per second,LifeRegeneration8_,LifeRegeneration7,LifeRegeneration6,LifeRegeneration5,LifeRegeneration4,LifeRegeneration3,LifeRegeneration2,LifeRegeneration1,,,,,,Boots
BOOTS (DEX),SUFFIX,#% increased Rarity of Items found,ItemFoundRarityIncrease3,ItemFoundRarityIncrease2,ItemFoundRarityIncrease1,,,,,,,,,,,Boots
BOOTS (DEX),SUFFIX,#% reduced Attribute Requirements,ReducedLocalAttributeRequirements5,ReducedLocalAttributeRequirements4,ReducedLocalAttributeRequirements3,ReducedLocalAttributeRequirements2,ReducedLocalAttributeRequirements1,,,,,,,,,Boots
BOOTS (DEX),SUFFIX,#% reduced Chill Duration on you,ReducedChillDuration5,ReducedChillDuration4,ReducedChillDuration3,ReducedChillDuration2,ReducedChillDuration1,,,,,,,,,Boots
BOOTS (DEX),SUFFIX,#% reduced Freeze Duration on you,ReducedFreezeDuration5,ReducedFreezeDuration4,ReducedFreezeDuration3,ReducedFreezeDuration2,ReducedFreezeDuration1,,,,,,,,,Boots
BOOTS (DEX),SUFFIX,#% reduced Shock duration on you,ReducedShockDuration5,ReducedShockDuration4,ReducedShockDuration3,ReducedShockDuration2,ReducedShockDuration1,,,,,,,,,Boots
BOOTS (DEX),SUFFIX,# to Dexterity,Dexterity8,Dexterity7,Dexterity6,Dexterity5,Dexterity4,Dexterity3,Dexterity2,Dexterity1,,,,,,Boots
BOOTS (DEX),SUFFIX,# to Stun Threshold,StunThreshold11,StunThreshold10,StunThreshold9,StunThreshold8,StunThreshold7,StunThreshold6,StunThreshold5,StunThreshold4,StunThreshold3,StunThreshold2,StunThreshold1,,,Boots
BOOTS (DEX),SUFFIX,#% to Chaos Resistance,ChaosResist6,ChaosResist5,ChaosResist4,ChaosResist3,ChaosResist2,ChaosResist1,,,,,,,,Boots
BOOTS (DEX),SUFFIX,#% to Cold Resistance,ColdResist8,ColdResist7,ColdResist6,ColdResist5,ColdResist4,ColdResist3,ColdResist2,ColdResist1,,,,,,Boots
BOOTS (DEX),SUFFIX,#% to Fire Resistance,FireResist8,FireResist7,FireResist6,FireResist5,FireResist4,FireResist3,FireResist2,FireResist1,,,,,,Boots
BOOTS (DEX),SUFFIX,#% to Lightning Resistance,LightningResist8,LightningResist7,LightningResist6,LightningResist5,LightningResist4,LightningResist3,LightningResist2,LightningResist1,,,,,,Boots
BOOTS (DEX),SUFFIX,Gain Deflection Rating equal to #% of Evasion Rating,EvasionGrantsDeflection5,EvasionGrantsDeflection4,EvasionGrantsDeflection3,EvasionGrantsDeflection2,EvasionGrantsDeflection1,,,,,,,,,Boots
BOOTS (STR),PREFIX,#% increased Armour,LocalIncreasedPhysicalDamageReductionRatingPercent7,LocalIncreasedPhysicalDamageReductionRatingPercent6,LocalIncreasedPhysicalDamageReductionRatingPercent5,LocalIncreasedPhysicalDamageReductionRatingPercent4,LocalIncreasedPhysicalDamageReductionRatingPercent3,LocalIncreasedPhysicalDamageReductionRatingPercent2,LocalIncreasedPhysicalDamageReductionRatingPercent1,,,,,,,Boots
BOOTS (STR),PREFIX,"#% increased Armour, # to Stun Threshold",LocalArmourAndStunThreshold6,LocalArmourAndStunThreshold5,LocalArmourAndStunThreshold4,LocalArmourAndStunThreshold3,LocalArmourAndStunThreshold2,LocalArmourAndStunThreshold1,,,,,,,,Boots
BOOTS (STR),PREFIX,#% increased Movement Speed,MovementVelocity6,MovementVelocity5,MovementVelocity4,MovementVelocity3,MovementVelocity2,MovementVelocity1,,,,,,,,Boots
BOOTS (STR),PREFIX,# to Armour,LocalIncreasedPhysicalDamageReductionRating7__,LocalIncreasedPhysicalDamageReductionRating6,LocalIncreasedPhysicalDamageReductionRating5,LocalIncreasedPhysicalDamageReductionRating4,LocalIncreasedPhysicalDamageReductionRating3,LocalIncreasedPhysicalDamageReductionRating2,LocalIncreasedPhysicalDamageReductionRating1,,,,,,,Boots
BOOTS (STR),PREFIX,# to maximum Life,IncreasedLife9,IncreasedLife8,IncreasedLife7,IncreasedLife6,IncreasedLife5,IncreasedLife4,IncreasedLife3,IncreasedLife2,IncreasedLife1,,,,,Boots
BOOTS (STR),PREFIX,# to maximum Mana,IncreasedMana9,IncreasedMana8,IncreasedMana7,IncreasedMana6,IncreasedMana5,IncreasedMana4,IncreasedMana3,IncreasedMana2,IncreasedMana1,,,,,Boots
BOOTS (STR),SUFFIX,# Life Regeneration per second,LifeRegeneration8_,LifeRegeneration7,LifeRegeneration6,LifeRegeneration5,LifeRegeneration4,LifeRegeneration3,LifeRegeneration2,LifeRegeneration1,,,,,,Boots
BOOTS (STR),SUFFIX,#% increased Rarity of Items found,ItemFoundRarityIncrease3,ItemFoundRarityIncrease2,ItemFoundRarityIncrease1,,,,,,,,,,,Boots
BOOTS (STR),SUFFIX,#% reduced Attribute Requirements,ReducedLocalAttributeRequirements5,ReducedLocalAttributeRequirements4,ReducedLocalAttributeRequirements3,ReducedLocalAttributeRequirements2,ReducedLocalAttributeRequirements1,,,,,,,,,Boots
BOOTS (STR),SUFFIX,#% reduced Chill Duration on you,ReducedChillDuration5,ReducedChillDuration4,ReducedChillDuration3,ReducedChillDuration2,ReducedChillDuration1,,,,,,,,,Boots
BOOTS (STR),SUFFIX,#% reduced Freeze Duration on you,ReducedFreezeDuration5,ReducedFreezeDuration4,ReducedFreezeDuration3,ReducedFreezeDuration2,ReducedFreezeDuration1,,,,,,,,,Boots
BOOTS (STR),SUFFIX,#% reduced Shock duration on you,ReducedShockDuration5,ReducedShockDuration4,ReducedShockDuration3,ReducedShockDuration2,ReducedShockDuration1,,,,,,,,,Boots
BOOTS (STR),SUFFIX,# to Strength,Strength8,Strength7,Strength6,Strength5,Strength4,Strength3,Strength2,Strength1,,,,,,Boots
BOOTS (STR),SUFFIX,# to Stun Threshold,StunThreshold11,StunThreshold10,StunThreshold9,StunThreshold8,StunThreshold7,StunThreshold6,StunThreshold5,StunThreshold4,StunThreshold3,StunThreshold2,StunThreshold1,,,Boots
BOOTS (STR),SUFFIX,#% to Chaos Resistance,ChaosResist6,ChaosResist5,ChaosResist4,ChaosResist3,ChaosResist2,ChaosResist1,,,,,,,,Boots
BOOTS (STR),SUFFIX,#% to Cold Resistance,ColdResist8,ColdResist7,ColdResist6,ColdResist5,ColdResist4,ColdResist3,ColdResist2,ColdResist1,,,,,,Boots
BOOTS (STR),SUFFIX,#% to Fire Resistance,FireResist8,FireResist7,FireResist6,FireResist5,FireResist4,FireResist3,FireResist2,FireResist1,,,,,,Boots
BOOTS (STR),SUFFIX,#% to Lightning Resistance,LightningResist8,LightningResist7,LightningResist6,LightningResist5,LightningResist4,LightningResist3,LightningResist2,LightningResist1,,,,,,Boots
BOOTS (STR),SUFFIX,#% of Armour also applies to Elemental Damage,ArmourAppliesToElementalDamage5,ArmourAppliesToElementalDamage4,ArmourAppliesToElementalDamage3,ArmourAppliesToElementalDamage2,ArmourAppliesToElementalDamage1,,,,,,,,,Boots
BOOTS (DEX/INT),PREFIX,#% increased Evasion and Energy Shield,LocalIncreasedEvasionAndEnergyShield7,LocalIncreasedEvasionAndEnergyShield6,LocalIncreasedEvasionAndEnergyShield5_,LocalIncreasedEvasionAndEnergyShield4,LocalIncreasedEvasionAndEnergyShield3,LocalIncreasedEvasionAndEnergyShield2,LocalIncreasedEvasionAndEnergyShield1,,,,,,,Boots
BOOTS (DEX/INT),PREFIX,"#% increased Evasion and Energy Shield, # to Stun Threshold",LocalEvasionAndEnergyShieldAndStunThreshold6,LocalEvasionAndEnergyShieldAndStunThreshold5,LocalEvasionAndEnergyShieldAndStunThreshold4,LocalEvasionAndEnergyShieldAndStunThreshold3,LocalEvasionAndEnergyShieldAndStunThreshold2,LocalEvasionAndEnergyShieldAndStunThreshold1,,,,,,,,Boots
BOOTS (DEX/INT),PREFIX,#% increased Movement Speed,MovementVelocity6,MovementVelocity5,MovementVelocity4,MovementVelocity3,MovementVelocity2,MovementVelocity1,,,,,,,,Boots
BOOTS (DEX/INT),PREFIX,"# to Evasion Rating, # to maximum Energy Shield",LocalBaseEvasionRatingAndEnergyShield4,LocalBaseEvasionRatingAndEnergyShield3,LocalBaseEvasionRatingAndEnergyShield2,LocalBaseEvasionRatingAndEnergyShield1,,,,,,,,,,Boots
BOOTS (DEX/INT),PREFIX,# to maximum Life,IncreasedLife9,IncreasedLife8,IncreasedLife7,IncreasedLife6,IncreasedLife5,IncreasedLife4,IncreasedLife3,IncreasedLife2,IncreasedLife1,,,,,Boots
BOOTS (DEX/INT),PREFIX,# to maximum Mana,IncreasedMana9,IncreasedMana8,IncreasedMana7,IncreasedMana6,IncreasedMana5,IncreasedMana4,IncreasedMana3,IncreasedMana2,IncreasedMana1,,,,,Boots
BOOTS (DEX/INT),SUFFIX,# Life Regeneration per second,LifeRegeneration8_,LifeRegeneration7,LifeRegeneration6,LifeRegeneration5,LifeRegeneration4,LifeRegeneration3,LifeRegeneration2,LifeRegeneration1,,,,,,Boots
BOOTS (DEX/INT),SUFFIX,#% increased Rarity of Items found,ItemFoundRarityIncrease3,ItemFoundRarityIncrease2,ItemFoundRarityIncrease1,,,,,,,,,,,Boots
BOOTS (DEX/INT),SUFFIX,#% reduced Attribute Requirements,ReducedLocalAttributeRequirements5,ReducedLocalAttributeRequirements4,ReducedLocalAttributeRequirements3,ReducedLocalAttributeRequirements2,ReducedLocalAttributeRequirements1,,,,,,,,,Boots
BOOTS (DEX/INT),SUFFIX,#% reduced Chill Duration on you,ReducedChillDuration5,ReducedChillDuration4,ReducedChillDuration3,ReducedChillDuration2,ReducedChillDuration1,,,,,,,,,Boots
BOOTS (DEX/INT),SUFFIX,#% reduced Freeze Duration on you,ReducedFreezeDuration5,ReducedFreezeDuration4,ReducedFreezeDuration3,ReducedFreezeDuration2,ReducedFreezeDuration1,,,,,,,,,Boots
BOOTS (DEX/INT),SUFFIX,#% reduced Shock duration on you,ReducedShockDuration5,ReducedShockDuration4,ReducedShockDuration3,ReducedShockDuration2,ReducedShockDuration1,,,,,,,,,Boots
BOOTS (DEX/INT),SUFFIX,# to Dexterity,Dexterity8,Dexterity7,Dexterity6,Dexterity5,Dexterity4,Dexterity3,Dexterity2,Dexterity1,,,,,,Boots
BOOTS (DEX/INT),SUFFIX,# to Intelligence,Intelligence8,Intelligence7,Intelligence6,Intelligence5,Intelligence4,Intelligence3,Intelligence2,Intelligence1,,,,,,Boots
BOOTS (DEX/INT),SUFFIX,# to Stun Threshold,StunThreshold11,StunThreshold10,StunThreshold9,StunThreshold8,StunThreshold7,StunThreshold6,StunThreshold5,StunThreshold4,StunThreshold3,StunThreshold2,StunThreshold1,,,Boots
BOOTS (DEX/INT),SUFFIX,#% to Chaos Resistance,ChaosResist6,ChaosResist5,ChaosResist4,ChaosResist3,ChaosResist2,ChaosResist1,,,,,,,,Boots
BOOTS (DEX/INT),SUFFIX,#% to Cold Resistance,ColdResist8,ColdResist7,ColdResist6,ColdResist5,ColdResist4,ColdResist3,ColdResist2,ColdResist1,,,,,,Boots
BOOTS (DEX/INT),SUFFIX,#% to Fire Resistance,FireResist8,FireResist7,FireResist6,FireResist5,FireResist4,FireResist3,FireResist2,FireResist1,,,,,,Boots
BOOTS (DEX/INT),SUFFIX,#% to Lightning Resistance,LightningResist8,LightningResist7,LightningResist6,LightningResist5,LightningResist4,LightningResist3,LightningResist2,LightningResist1,,,,,,Boots
BOOTS (DEX/INT),SUFFIX,#% increased Energy Shield Recharge Rate,EnergyShieldRechargeRate4,EnergyShieldRechargeRate3,EnergyShieldRechargeRate2,EnergyShieldRechargeRate1,,,,,,,,,,Boots
BOOTS (DEX/INT),SUFFIX,Gain Deflection Rating equal to #% of Evasion Rating,EvasionGrantsDeflection5,EvasionGrantsDeflection4,EvasionGrantsDeflection3,EvasionGrantsDeflection2,EvasionGrantsDeflection1,,,,,,,,,Boots
BOOTS (STR/INT),PREFIX,#% increased Armour and Energy Shield,LocalIncreasedArmourAndEnergyShield7,LocalIncreasedArmourAndEnergyShield6,LocalIncreasedArmourAndEnergyShield5,LocalIncreasedArmourAndEnergyShield4,LocalIncreasedArmourAndEnergyShield3,LocalIncreasedArmourAndEnergyShield2,LocalIncreasedArmourAndEnergyShield1,,,,,,,Boots
BOOTS (STR/INT),PREFIX,"#% increased Armour and Energy Shield, # to Stun Threshold",LocalArmourAndEnergyShieldAndStunThreshold6,LocalArmourAndEnergyShieldAndStunThreshold5,LocalArmourAndEnergyShieldAndStunThreshold4,LocalArmourAndEnergyShieldAndStunThreshold3,LocalArmourAndEnergyShieldAndStunThreshold2,LocalArmourAndEnergyShieldAndStunThreshold1,,,,,,,,Boots
BOOTS (STR/INT),PREFIX,#% increased Movement Speed,MovementVelocity6,MovementVelocity5,MovementVelocity4,MovementVelocity3,MovementVelocity2,MovementVelocity1,,,,,,,,Boots
BOOTS (STR/INT),PREFIX,"# to Armour, # to maximum Energy Shield",LocalBaseArmourAndEnergyShield4,LocalBaseArmourAndEnergyShield3,LocalBaseArmourAndEnergyShield2_,LocalBaseArmourAndEnergyShield1,,,,,,,,,,Boots
BOOTS (STR/INT),PREFIX,# to maximum Life,IncreasedLife9,IncreasedLife8,IncreasedLife7,IncreasedLife6,IncreasedLife5,IncreasedLife4,IncreasedLife3,IncreasedLife2,IncreasedLife1,,,,,Boots
BOOTS (STR/INT),PREFIX,# to maximum Mana,IncreasedMana9,IncreasedMana8,IncreasedMana7,IncreasedMana6,IncreasedMana5,IncreasedMana4,IncreasedMana3,IncreasedMana2,IncreasedMana1,,,,,Boots
BOOTS (STR/INT),SUFFIX,# Life Regeneration per second,LifeRegeneration8_,LifeRegeneration7,LifeRegeneration6,LifeRegeneration5,LifeRegeneration4,LifeRegeneration3,LifeRegeneration2,LifeRegeneration1,,,,,,Boots
BOOTS (STR/INT),SUFFIX,#% increased Rarity of Items found,ItemFoundRarityIncrease3,ItemFoundRarityIncrease2,ItemFoundRarityIncrease1,,,,,,,,,,,Boots
BOOTS (STR/INT),SUFFIX,#% reduced Attribute Requirements,ReducedLocalAttributeRequirements5,ReducedLocalAttributeRequirements4,ReducedLocalAttributeRequirements3,ReducedLocalAttributeRequirements2,ReducedLocalAttributeRequirements1,,,,,,,,,Boots
BOOTS (STR/INT),SUFFIX,#% reduced Chill Duration on you,ReducedChillDuration5,ReducedChillDuration4,ReducedChillDuration3,ReducedChillDuration2,ReducedChillDuration1,,,,,,,,,Boots
BOOTS (STR/INT),SUFFIX,#% reduced Freeze Duration on you,ReducedFreezeDuration5,ReducedFreezeDuration4,ReducedFreezeDuration3,ReducedFreezeDuration2,ReducedFreezeDuration1,,,,,,,,,Boots
BOOTS (STR/INT),SUFFIX,#% reduced Shock duration on you,ReducedShockDuration5,ReducedShockDuration4,ReducedShockDuration3,ReducedShockDuration2,ReducedShockDuration1,,,,,,,,,Boots
BOOTS (STR/INT),SUFFIX,# to Intelligence,Intelligence8,Intelligence7,Intelligence6,Intelligence5,Intelligence4,Intelligence3,Intelligence2,Intelligence1,,,,,,Boots
BOOTS (STR/INT),SUFFIX,# to Strength,Strength8,Strength7,Strength6,Strength5,Strength4,Strength3,Strength2,Strength1,,,,,,Boots
BOOTS (STR/INT),SUFFIX,# to Stun Threshold,StunThreshold11,StunThreshold10,StunThreshold9,StunThreshold8,StunThreshold7,StunThreshold6,StunThreshold5,StunThreshold4,StunThreshold3,StunThreshold2,StunThreshold1,,,Boots
BOOTS (STR/INT),SUFFIX,#% to Chaos Resistance,ChaosResist6,ChaosResist5,ChaosResist4,ChaosResist3,ChaosResist2,ChaosResist1,,,,,,,,Boots
BOOTS (STR/INT),SUFFIX,#% to Cold Resistance,ColdResist8,ColdResist7,ColdResist6,ColdResist5,ColdResist4,ColdResist3,ColdResist2,ColdResist1,,,,,,Boots
BOOTS (STR/INT),SUFFIX,#% to Fire Resistance,FireResist8,FireResist7,FireResist6,FireResist5,FireResist4,FireResist3,FireResist2,FireResist1,,,,,,Boots
BOOTS (STR/INT),SUFFIX,#% to Lightning Resistance,LightningResist8,LightningResist7,LightningResist6,LightningResist5,LightningResist4,LightningResist3,LightningResist2,LightningResist1,,,,,,Boots
BOOTS (STR/INT),SUFFIX,#% increased Energy Shield Recharge Rate,EnergyShieldRechargeRate4,EnergyShieldRechargeRate3,EnergyShieldRechargeRate2,EnergyShieldRechargeRate1,,,,,,,,,,Boots
BOOTS (STR/INT),SUFFIX,#% of Armour also applies to Elemental Damage,ArmourAppliesToElementalDamage5,ArmourAppliesToElementalDamage4,ArmourAppliesToElementalDamage3,ArmourAppliesToElementalDamage2,ArmourAppliesToElementalDamage1,,,,,,,,,Boots
BOOTS (STR/DEX),PREFIX,#% increased Armour and Evasion,LocalIncreasedArmourAndEvasion7,LocalIncreasedArmourAndEvasion6,LocalIncreasedArmourAndEvasion5,LocalIncreasedArmourAndEvasion4,LocalIncreasedArmourAndEvasion3,LocalIncreasedArmourAndEvasion2,LocalIncreasedArmourAndEvasion1,,,,,,,Boots
BOOTS (STR/DEX),PREFIX,"#% increased Armour and Evasion, # to Stun Threshold",LocalArmourAndEvasionAndStunThreshold6,LocalArmourAndEvasionAndStunThreshold5,LocalArmourAndEvasionAndStunThreshold4,LocalArmourAndEvasionAndStunThreshold3,LocalArmourAndEvasionAndStunThreshold2,LocalArmourAndEvasionAndStunThreshold1,,,,,,,,Boots
BOOTS (STR/DEX),PREFIX,#% increased Movement Speed,MovementVelocity6,MovementVelocity5,MovementVelocity4,MovementVelocity3,MovementVelocity2,MovementVelocity1,,,,,,,,Boots
BOOTS (STR/DEX),PREFIX,"# to Armour, # to Evasion Rating",LocalBaseArmourAndEvasionRating4,LocalBaseArmourAndEvasionRating3,LocalBaseArmourAndEvasionRating2,LocalBaseArmourAndEvasionRating1,,,,,,,,,,Boots
BOOTS (STR/DEX),PREFIX,# to maximum Life,IncreasedLife9,IncreasedLife8,IncreasedLife7,IncreasedLife6,IncreasedLife5,IncreasedLife4,IncreasedLife3,IncreasedLife2,IncreasedLife1,,,,,Boots
BOOTS (STR/DEX),PREFIX,# to maximum Mana,IncreasedMana9,IncreasedMana8,IncreasedMana7,IncreasedMana6,IncreasedMana5,IncreasedMana4,IncreasedMana3,IncreasedMana2,IncreasedMana1,,,,,Boots
BOOTS (STR/DEX),SUFFIX,# Life Regeneration per second,LifeRegeneration8_,LifeRegeneration7,LifeRegeneration6,LifeRegeneration5,LifeRegeneration4,LifeRegeneration3,LifeRegeneration2,LifeRegeneration1,,,,,,Boots
BOOTS (STR/DEX),SUFFIX,#% increased Rarity of Items found,ItemFoundRarityIncrease3,ItemFoundRarityIncrease2,ItemFoundRarityIncrease1,,,,,,,,,,,Boots
BOOTS (STR/DEX),SUFFIX,#% reduced Attribute Requirements,ReducedLocalAttributeRequirements5,ReducedLocalAttributeRequirements4,ReducedLocalAttributeRequirements3,ReducedLocalAttributeRequirements2,ReducedLocalAttributeRequirements1,,,,,,,,,Boots
BOOTS (STR/DEX),SUFFIX,#% reduced Chill Duration on you,ReducedChillDuration5,ReducedChillDuration4,ReducedChillDuration3,ReducedChillDuration2,ReducedChillDuration1,,,,,,,,,Boots
BOOTS (STR/DEX),SUFFIX,#% reduced Freeze Duration on you,ReducedFreezeDuration5,ReducedFreezeDuration4,ReducedFreezeDuration3,ReducedFreezeDuration2,ReducedFreezeDuration1,,,,,,,,,Boots
BOOTS (STR/DEX),SUFFIX,#% reduced Shock duration on you,ReducedShockDuration5,ReducedShockDuration4,ReducedShockDuration3,ReducedShockDuration2,ReducedShockDuration1,,,,,,,,,Boots
BOOTS (STR/DEX),SUFFIX,# to Dexterity,Dexterity8,Dexterity7,Dexterity6,Dexterity5,Dexterity4,Dexterity3,Dexterity2,Dexterity1,,,,,,Boots
BOOTS (STR/DEX),SUFFIX,# to Strength,Strength8,Strength7,Strength6,Strength5,Strength4,Strength3,Strength2,Strength1,,,,,,Boots
BOOTS (STR/DEX),SUFFIX,# to Stun Threshold,StunThreshold11,StunThreshold10,StunThreshold9,StunThreshold8,StunThreshold7,StunThreshold6,StunThreshold5,StunThreshold4,StunThreshold3,StunThreshold2,StunThreshold1,,,Boots
BOOTS (STR/DEX),SUFFIX,#% to Chaos Resistance,ChaosResist6,ChaosResist5,ChaosResist4,ChaosResist3,ChaosResist2,ChaosResist1,,,,,,,,Boots
BOOTS (STR/DEX),SUFFIX,#% to Cold Resistance,ColdResist8,ColdResist7,ColdResist6,ColdResist5,ColdResist4,ColdResist3,ColdResist2,ColdResist1,,,,,,Boots
BOOTS (STR/DEX),SUFFIX,#% to Fire Resistance,FireResist8,FireResist7,FireResist6,FireResist5,FireResist4,FireResist3,FireResist2,FireResist1,,,,,,Boots
BOOTS (STR/DEX),SUFFIX,#% to Lightning Resistance,LightningResist8,LightningResist7,LightningResist6,LightningResist5,LightningResist4,LightningResist3,LightningResist2,LightningResist1,,,,,,Boots
BOOTS (STR/DEX),SUFFIX,#% of Armour also applies to Elemental Damage,ArmourAppliesToElementalDamage5,ArmourAppliesToElementalDamage4,ArmourAppliesToElementalDamage3,ArmourAppliesToElementalDamage2,ArmourAppliesToElementalDamage1,,,,,,,,,Boots
BOOTS (STR/DEX),SUFFIX,Gain Deflection Rating equal to #% of Evasion Rating,EvasionGrantsDeflection5,EvasionGrantsDeflection4,EvasionGrantsDeflection3,EvasionGrantsDeflection2,EvasionGrantsDeflection1,,,,,,,,,Boots
HELMET (INT),PREFIX,#% increased Energy Shield,LocalIncreasedEnergyShieldPercent7_,LocalIncreasedEnergyShieldPercent6,LocalIncreasedEnergyShieldPercent5,LocalIncreasedEnergyShieldPercent4,LocalIncreasedEnergyShieldPercent3,LocalIncreasedEnergyShieldPercent2,LocalIncreasedEnergyShieldPercent1,,,,,,,Helmet
HELMET (INT),PREFIX,"#% increased Energy Shield, # to maximum Life",LocalIncreasedEnergyShieldAndLife6,LocalIncreasedEnergyShieldAndLife5,LocalIncreasedEnergyShieldAndLife4,LocalIncreasedEnergyShieldAndLife3,LocalIncreasedEnergyShieldAndLife2,LocalIncreasedEnergyShieldAndLife1,,,,,,,,Helmet
HELMET (INT),PREFIX,"#% increased Energy Shield, # to maximum Mana",LocalIncreasedEnergyShieldAndMana6,LocalIncreasedEnergyShieldAndMana5,LocalIncreasedEnergyShieldAndMana4,LocalIncreasedEnergyShieldAndMana3,LocalIncreasedEnergyShieldAndMana2,LocalIncreasedEnergyShieldAndMana1,,,,,,,,Helmet
HELMET (INT),PREFIX,#% increased Rarity of Items found,ItemFoundRarityIncreasePrefix3,ItemFoundRarityIncreasePrefix2,ItemFoundRarityIncreasePrefix1,,,,,,,,,,,Helmet
HELMET (INT),PREFIX,# to Accuracy Rating,IncreasedAccuracy9,IncreasedAccuracy8,IncreasedAccuracy7,IncreasedAccuracy6,IncreasedAccuracy5,IncreasedAccuracy4,IncreasedAccuracy3,IncreasedAccuracy2,IncreasedAccuracy1,,,,,Helmet
HELMET (INT),PREFIX,# to maximum Energy Shield,LocalIncreasedEnergyShield8,LocalIncreasedEnergyShield7,LocalIncreasedEnergyShield6,LocalIncreasedEnergyShield5,LocalIncreasedEnergyShield4,LocalIncreasedEnergyShield3,LocalIncreasedEnergyShield2,LocalIncreasedEnergyShield1,,,,,,Helmet
HELMET (INT),PREFIX,# to maximum Life,IncreasedLife10,IncreasedLife9,IncreasedLife8,IncreasedLife7,IncreasedLife6,IncreasedLife5,IncreasedLife4,IncreasedLife3,IncreasedLife2,IncreasedLife1,,,,Helmet
HELMET (INT),PREFIX,# to maximum Mana,IncreasedMana10,IncreasedMana9,IncreasedMana8,IncreasedMana7,IncreasedMana6,IncreasedMana5,IncreasedMana4,IncreasedMana3,IncreasedMana2,IncreasedMana1,,,,Helmet
HELMET (INT),SUFFIX,# Life Regeneration per second,LifeRegeneration8_,LifeRegeneration7,LifeRegeneration6,LifeRegeneration5,LifeRegeneration4,LifeRegeneration3,LifeRegeneration2,LifeRegeneration1,,,,,,Helmet
HELMET (INT),SUFFIX,#% increased Critical Hit Chance,CriticalStrikeChance5,CriticalStrikeChance4,CriticalStrikeChance3,CriticalStrikeChance2,CriticalStrikeChance1,,,,,,,,,Helmet
HELMET (INT),SUFFIX,"# to Accuracy Rating, #% increased Light Radius",LightRadiusAndAccuracy3,LightRadiusAndAccuracy2,LightRadiusAndAccuracy1,,,,,,,,,,,Helmet
HELMET (INT),SUFFIX,#% increased Rarity of Items found,ItemFoundRarityIncrease3,ItemFoundRarityIncrease2,ItemFoundRarityIncrease1,,,,,,,,,,,Helmet
HELMET (INT),SUFFIX,#% reduced Attribute Requirements,ReducedLocalAttributeRequirements5,ReducedLocalAttributeRequirements4,ReducedLocalAttributeRequirements3,ReducedLocalAttributeRequirements2,ReducedLocalAttributeRequirements1,,,,,,,,,Helmet
HELMET (INT),SUFFIX,# to Intelligence,Intelligence9,Intelligence8,Intelligence7,Intelligence6,Intelligence5,Intelligence4,Intelligence3,Intelligence2,Intelligence1,,,,,Helmet
HELMET (INT),SUFFIX,# to Level of all Minion Skills,GlobalMinionSpellSkillGemLevel2,GlobalMinionSpellSkillGemLevel1,,,,,,,,,,,,Helmet
HELMET (INT),SUFFIX,#% to Chaos Resistance,ChaosResist6,ChaosResist5,ChaosResist4,ChaosResist3,ChaosResist2,ChaosResist1,,,,,,,,Helmet
HELMET (INT),SUFFIX,#% to Cold Resistance,ColdResist8,ColdResist7,ColdResist6,ColdResist5,ColdResist4,ColdResist3,ColdResist2,ColdResist1,,,,,,Helmet
HELMET (INT),SUFFIX,#% to Fire Resistance,FireResist8,FireResist7,FireResist6,FireResist5,FireResist4,FireResist3,FireResist2,FireResist1,,,,,,Helmet
HELMET (INT),SUFFIX,#% to Lightning Resistance,LightningResist8,LightningResist7,LightningResist6,LightningResist5,LightningResist4,LightningResist3,LightningResist2,LightningResist1,,,,,,Helmet
HELMET (INT),SUFFIX,#% increased Energy Shield Recharge Rate,EnergyShieldRechargeRate4,EnergyShieldRechargeRate3,EnergyShieldRechargeRate2,EnergyShieldRechargeRate1,,,,,,,,,,Helmet
HELMET (DEX),PREFIX,#% increased Evasion Rating,LocalIncreasedEvasionRatingPercent7,LocalIncreasedEvasionRatingPercent6,LocalIncreasedEvasionRatingPercent5,LocalIncreasedEvasionRatingPercent4,LocalIncreasedEvasionRatingPercent3,LocalIncreasedEvasionRatingPercent2,LocalIncreasedEvasionRatingPercent1,,,,,,,Helmet
HELMET (DEX),PREFIX,"#% increased Evasion Rating, # to maximum Life",LocalIncreasedEvasionAndLife6,LocalIncreasedEvasionAndLife5,LocalIncreasedEvasionAndLife4,LocalIncreasedEvasionAndLife3,LocalIncreasedEvasionAndLife2,LocalIncreasedEvasionAndLife1,,,,,,,,Helmet
HELMET (DEX),PREFIX,"#% increased Evasion Rating, # to maximum Mana",LocalIncreasedEvasionAndMana6,LocalIncreasedEvasionAndMana5,LocalIncreasedEvasionAndMana4,LocalIncreasedEvasionAndMana3,LocalIncreasedEvasionAndMana2,LocalIncreasedEvasionAndMana1,,,,,,,,Helmet
HELMET (DEX),PREFIX,#% increased Rarity of Items found,ItemFoundRarityIncreasePrefix3,ItemFoundRarityIncreasePrefix2,ItemFoundRarityIncreasePrefix1,,,,,,,,,,,Helmet
HELMET (DEX),PREFIX,# to Accuracy Rating,IncreasedAccuracy9,IncreasedAccuracy8,IncreasedAccuracy7,IncreasedAccuracy6,IncreasedAccuracy5,IncreasedAccuracy4,IncreasedAccuracy3,IncreasedAccuracy2,IncreasedAccuracy1,,,,,Helmet
HELMET (DEX),PREFIX,# to Evasion Rating,LocalIncreasedEvasionRating8,LocalIncreasedEvasionRating7_,LocalIncreasedEvasionRating6,LocalIncreasedEvasionRating5,LocalIncreasedEvasionRating4,LocalIncreasedEvasionRating3,LocalIncreasedEvasionRating2,LocalIncreasedEvasionRating1,,,,,,Helmet
HELMET (DEX),PREFIX,# to maximum Life,IncreasedLife10,IncreasedLife9,IncreasedLife8,IncreasedLife7,IncreasedLife6,IncreasedLife5,IncreasedLife4,IncreasedLife3,IncreasedLife2,IncreasedLife1,,,,Helmet
HELMET (DEX),PREFIX,# to maximum Mana,IncreasedMana10,IncreasedMana9,IncreasedMana8,IncreasedMana7,IncreasedMana6,IncreasedMana5,IncreasedMana4,IncreasedMana3,IncreasedMana2,IncreasedMana1,,,,Helmet
HELMET (DEX),SUFFIX,# Life Regeneration per second,LifeRegeneration8_,LifeRegeneration7,LifeRegeneration6,LifeRegeneration5,LifeRegeneration4,LifeRegeneration3,LifeRegeneration2,LifeRegeneration1,,,,,,Helmet
HELMET (DEX),SUFFIX,#% increased Critical Hit Chance,CriticalStrikeChance5,CriticalStrikeChance4,CriticalStrikeChance3,CriticalStrikeChance2,CriticalStrikeChance1,,,,,,,,,Helmet
HELMET (DEX),SUFFIX,"# to Accuracy Rating, #% increased Light Radius",LightRadiusAndAccuracy3,LightRadiusAndAccuracy2,LightRadiusAndAccuracy1,,,,,,,,,,,Helmet
HELMET (DEX),SUFFIX,#% increased Rarity of Items found,ItemFoundRarityIncrease3,ItemFoundRarityIncrease2,ItemFoundRarityIncrease1,,,,,,,,,,,Helmet
HELMET (DEX),SUFFIX,#% reduced Attribute Requirements,ReducedLocalAttributeRequirements5,ReducedLocalAttributeRequirements4,ReducedLocalAttributeRequirements3,ReducedLocalAttributeRequirements2,ReducedLocalAttributeRequirements1,,,,,,,,,Helmet
HELMET (DEX),SUFFIX,# to Dexterity,Dexterity8,Dexterity7,Dexterity6,Dexterity5,Dexterity4,Dexterity3,Dexterity2,Dexterity1,,,,,,Helmet
HELMET (DEX),SUFFIX,# to Intelligence,Intelligence9,Intelligence8,Intelligence7,Intelligence6,Intelligence5,Intelligence4,Intelligence3,Intelligence2,Intelligence1,,,,,Helmet
HELMET (DEX),SUFFIX,# to Level of all Minion Skills,GlobalMinionSpellSkillGemLevel2,GlobalMinionSpellSkillGemLevel1,,,,,,,,,,,,Helmet
HELMET (DEX),SUFFIX,#% to Chaos Resistance,ChaosResist6,ChaosResist5,ChaosResist4,ChaosResist3,ChaosResist2,ChaosResist1,,,,,,,,Helmet
HELMET (DEX),SUFFIX,#% to Cold Resistance,ColdResist8,ColdResist7,ColdResist6,ColdResist5,ColdResist4,ColdResist3,ColdResist2,ColdResist1,,,,,,Helmet
HELMET (DEX),SUFFIX,#% to Fire Resistance,FireResist8,FireResist7,FireResist6,FireResist5,FireResist4,FireResist3,FireResist2,FireResist1,,,,,,Helmet
HELMET (DEX),SUFFIX,#% to Lightning Resistance,LightningResist8,LightningResist7,LightningResist6,LightningResist5,LightningResist4,LightningResist3,LightningResist2,LightningResist1,,,,,,Helmet
HELMET (DEX),SUFFIX,Gain Deflection Rating equal to #% of Evasion Rating,EvasionGrantsDeflection5,EvasionGrantsDeflection4,EvasionGrantsDeflection3,EvasionGrantsDeflection2,EvasionGrantsDeflection1,,,,,,,,,Helmet
HELMET (STR),PREFIX,#% increased Armour,LocalIncreasedPhysicalDamageReductionRatingPercent7,LocalIncreasedPhysicalDamageReductionRatingPercent6,LocalIncreasedPhysicalDamageReductionRatingPercent5,LocalIncreasedPhysicalDamageReductionRatingPercent4,LocalIncreasedPhysicalDamageReductionRatingPercent3,LocalIncreasedPhysicalDamageReductionRatingPercent2,LocalIncreasedPhysicalDamageReductionRatingPercent1,,,,,,,Helmet
HELMET (STR),PREFIX,"#% increased Armour, # to maximum Life",LocalIncreasedArmourAndLife6,LocalIncreasedArmourAndLife5,LocalIncreasedArmourAndLife4,LocalIncreasedArmourAndLife3,LocalIncreasedArmourAndLife2,LocalIncreasedArmourAndLife1,,,,,,,,Helmet
HELMET (STR),PREFIX,"#% increased Armour, # to maximum Mana",LocalIncreasedArmourAndMana6,LocalIncreasedArmourAndMana5,LocalIncreasedArmourAndMana4,LocalIncreasedArmourAndMana3,LocalIncreasedArmourAndMana2,LocalIncreasedArmourAndMana1,,,,,,,,Helmet
HELMET (STR),PREFIX,#% increased Rarity of Items found,ItemFoundRarityIncreasePrefix3,ItemFoundRarityIncreasePrefix2,ItemFoundRarityIncreasePrefix1,,,,,,,,,,,Helmet
HELMET (STR),PREFIX,# to Accuracy Rating,IncreasedAccuracy9,IncreasedAccuracy8,IncreasedAccuracy7,IncreasedAccuracy6,IncreasedAccuracy5,IncreasedAccuracy4,IncreasedAccuracy3,IncreasedAccuracy2,IncreasedAccuracy1,,,,,Helmet
HELMET (STR),PREFIX,# to Armour,LocalIncreasedPhysicalDamageReductionRating8,LocalIncreasedPhysicalDamageReductionRating7__,LocalIncreasedPhysicalDamageReductionRating6,LocalIncreasedPhysicalDamageReductionRating5,LocalIncreasedPhysicalDamageReductionRating4,LocalIncreasedPhysicalDamageReductionRating3,LocalIncreasedPhysicalDamageReductionRating2,LocalIncreasedPhysicalDamageReductionRating1,,,,,,Helmet
HELMET (STR),PREFIX,# to maximum Life,IncreasedLife10,IncreasedLife9,IncreasedLife8,IncreasedLife7,IncreasedLife6,IncreasedLife5,IncreasedLife4,IncreasedLife3,IncreasedLife2,IncreasedLife1,,,,Helmet
HELMET (STR),PREFIX,# to maximum Mana,IncreasedMana10,IncreasedMana9,IncreasedMana8,IncreasedMana7,IncreasedMana6,IncreasedMana5,IncreasedMana4,IncreasedMana3,IncreasedMana2,IncreasedMana1,,,,Helmet
HELMET (STR),SUFFIX,# Life Regeneration per second,LifeRegeneration8_,LifeRegeneration7,LifeRegeneration6,LifeRegeneration5,LifeRegeneration4,LifeRegeneration3,LifeRegeneration2,LifeRegeneration1,,,,,,Helmet
HELMET (STR),SUFFIX,#% increased Critical Hit Chance,CriticalStrikeChance5,CriticalStrikeChance4,CriticalStrikeChance3,CriticalStrikeChance2,CriticalStrikeChance1,,,,,,,,,Helmet
HELMET (STR),SUFFIX,"# to Accuracy Rating, #% increased Light Radius",LightRadiusAndAccuracy3,LightRadiusAndAccuracy2,LightRadiusAndAccuracy1,,,,,,,,,,,Helmet
HELMET (STR),SUFFIX,#% increased Rarity of Items found,ItemFoundRarityIncrease3,ItemFoundRarityIncrease2,ItemFoundRarityIncrease1,,,,,,,,,,,Helmet
HELMET (STR),SUFFIX,#% reduced Attribute Requirements,ReducedLocalAttributeRequirements5,ReducedLocalAttributeRequirements4,ReducedLocalAttributeRequirements3,ReducedLocalAttributeRequirements2,ReducedLocalAttributeRequirements1,,,,,,,,,Helmet
HELMET (STR),SUFFIX,# to Intelligence,Intelligence9,Intelligence8,Intelligence7,Intelligence6,Intelligence5,Intelligence4,Intelligence3,Intelligence2,Intelligence1,,,,,Helmet
HELMET (STR),SUFFIX,# to Level of all Minion Skills,GlobalMinionSpellSkillGemLevel2,GlobalMinionSpellSkillGemLevel1,,,,,,,,,,,,Helmet
HELMET (STR),SUFFIX,# to Strength,Strength8,Strength7,Strength6,Strength5,Strength4,Strength3,Strength2,Strength1,,,,,,Helmet
HELMET (STR),SUFFIX,#% to Chaos Resistance,ChaosResist6,ChaosResist5,ChaosResist4,ChaosResist3,ChaosResist2,ChaosResist1,,,,,,,,Helmet
HELMET (STR),SUFFIX,#% to Cold Resistance,ColdResist8,ColdResist7,ColdResist6,ColdResist5,ColdResist4,ColdResist3,ColdResist2,ColdResist1,,,,,,Helmet
HELMET (STR),SUFFIX,#% to Fire Resistance,FireResist8,FireResist7,FireResist6,FireResist5,FireResist4,FireResist3,FireResist2,FireResist1,,,,,,Helmet
HELMET (STR),SUFFIX,#% to Lightning Resistance,LightningResist8,LightningResist7,LightningResist6,LightningResist5,LightningResist4,LightningResist3,LightningResist2,LightningResist1,,,,,,Helmet
HELMET (STR),SUFFIX,#% of Armour also applies to Elemental Damage,ArmourAppliesToElementalDamage5,ArmourAppliesToElementalDamage4,ArmourAppliesToElementalDamage3,ArmourAppliesToElementalDamage2,ArmourAppliesToElementalDamage1,,,,,,,,,Helmet
HELMET (DEX/INT),PREFIX,#% increased Evasion and Energy Shield,LocalIncreasedEvasionAndEnergyShield7,LocalIncreasedEvasionAndEnergyShield6,LocalIncreasedEvasionAndEnergyShield5_,LocalIncreasedEvasionAndEnergyShield4,LocalIncreasedEvasionAndEnergyShield3,LocalIncreasedEvasionAndEnergyShield2,LocalIncreasedEvasionAndEnergyShield1,,,,,,,Helmet
HELMET (DEX/INT),PREFIX,"#% increased Evasion and Energy Shield, # to maximum Life",LocalIncreasedEvasionAndEnergyShieldAndLife6,LocalIncreasedEvasionAndEnergyShieldAndLife5,LocalIncreasedEvasionAndEnergyShieldAndLife4,LocalIncreasedEvasionAndEnergyShieldAndLife3,LocalIncreasedEvasionAndEnergyShieldAndLife2,LocalIncreasedEvasionAndEnergyShieldAndLife1,,,,,,,,Helmet
HELMET (DEX/INT),PREFIX,"#% increased Evasion and Energy Shield, # to maximum Mana",LocalIncreasedEvasionAndEnergyShieldAndMana6,LocalIncreasedEvasionAndEnergyShieldAndMana5,LocalIncreasedEvasionAndEnergyShieldAndMana4,LocalIncreasedEvasionAndEnergyShieldAndMana3,LocalIncreasedEvasionAndEnergyShieldAndMana2,LocalIncreasedEvasionAndEnergyShieldAndMana1,,,,,,,,Helmet
HELMET (DEX/INT),PREFIX,#% increased Rarity of Items found,ItemFoundRarityIncreasePrefix3,ItemFoundRarityIncreasePrefix2,ItemFoundRarityIncreasePrefix1,,,,,,,,,,,Helmet
HELMET (DEX/INT),PREFIX,# to Accuracy Rating,IncreasedAccuracy9,IncreasedAccuracy8,IncreasedAccuracy7,IncreasedAccuracy6,IncreasedAccuracy5,IncreasedAccuracy4,IncreasedAccuracy3,IncreasedAccuracy2,IncreasedAccuracy1,,,,,Helmet
HELMET (DEX/INT),PREFIX,"# to Evasion Rating, # to maximum Energy Shield",LocalBaseEvasionRatingAndEnergyShield5_,LocalBaseEvasionRatingAndEnergyShield4,LocalBaseEvasionRatingAndEnergyShield3,LocalBaseEvasionRatingAndEnergyShield2,LocalBaseEvasionRatingAndEnergyShield1,,,,,,,,,Helmet
HELMET (DEX/INT),PREFIX,# to maximum Life,IncreasedLife10,IncreasedLife9,IncreasedLife8,IncreasedLife7,IncreasedLife6,IncreasedLife5,IncreasedLife4,IncreasedLife3,IncreasedLife2,IncreasedLife1,,,,Helmet
HELMET (DEX/INT),PREFIX,# to maximum Mana,IncreasedMana10,IncreasedMana9,IncreasedMana8,IncreasedMana7,IncreasedMana6,IncreasedMana5,IncreasedMana4,IncreasedMana3,IncreasedMana2,IncreasedMana1,,,,Helmet
HELMET (DEX/INT),SUFFIX,# Life Regeneration per second,LifeRegeneration8_,LifeRegeneration7,LifeRegeneration6,LifeRegeneration5,LifeRegeneration4,LifeRegeneration3,LifeRegeneration2,LifeRegeneration1,,,,,,Helmet
HELMET (DEX/INT),SUFFIX,#% increased Critical Hit Chance,CriticalStrikeChance5,CriticalStrikeChance4,CriticalStrikeChance3,CriticalStrikeChance2,CriticalStrikeChance1,,,,,,,,,Helmet
HELMET (DEX/INT),SUFFIX,"# to Accuracy Rating, #% increased Light Radius",LightRadiusAndAccuracy3,LightRadiusAndAccuracy2,LightRadiusAndAccuracy1,,,,,,,,,,,Helmet
HELMET (DEX/INT),SUFFIX,#% increased Rarity of Items found,ItemFoundRarityIncrease3,ItemFoundRarityIncrease2,ItemFoundRarityIncrease1,,,,,,,,,,,Helmet
HELMET (DEX/INT),SUFFIX,#% reduced Attribute Requirements,ReducedLocalAttributeRequirements5,ReducedLocalAttributeRequirements4,ReducedLocalAttributeRequirements3,ReducedLocalAttributeRequirements2,ReducedLocalAttributeRequirements1,,,,,,,,,Helmet
HELMET (DEX/INT),SUFFIX,# to Dexterity,Dexterity8,Dexterity7,Dexterity6,Dexterity5,Dexterity4,Dexterity3,Dexterity2,Dexterity1,,,,,,Helmet
HELMET (DEX/INT),SUFFIX,# to Intelligence,Intelligence9,Intelligence8,Intelligence7,Intelligence6,Intelligence5,Intelligence4,Intelligence3,Intelligence2,Intelligence1,,,,,Helmet
HELMET (DEX/INT),SUFFIX,# to Level of all Minion Skills,GlobalMinionSpellSkillGemLevel2,GlobalMinionSpellSkillGemLevel1,,,,,,,,,,,,Helmet
HELMET (DEX/INT),SUFFIX,#% to Chaos Resistance,ChaosResist6,ChaosResist5,ChaosResist4,ChaosResist3,ChaosResist2,ChaosResist1,,,,,,,,Helmet
HELMET (DEX/INT),SUFFIX,#% to Cold Resistance,ColdResist8,ColdResist7,ColdResist6,ColdResist5,ColdResist4,ColdResist3,ColdResist2,ColdResist1,,,,,,Helmet
HELMET (DEX/INT),SUFFIX,#% to Fire Resistance,FireResist8,FireResist7,FireResist6,FireResist5,FireResist4,FireResist3,FireResist2,FireResist1,,,,,,Helmet
HELMET (DEX/INT),SUFFIX,#% to Lightning Resistance,LightningResist8,LightningResist7,LightningResist6,LightningResist5,LightningResist4,LightningResist3,LightningResist2,LightningResist1,,,,,,Helmet
HELMET (DEX/INT),SUFFIX,#% increased Energy Shield Recharge Rate,EnergyShieldRechargeRate4,EnergyShieldRechargeRate3,EnergyShieldRechargeRate2,EnergyShieldRechargeRate1,,,,,,,,,,Helmet
HELMET (DEX/INT),SUFFIX,Gain Deflection Rating equal to #% of Evasion Rating,EvasionGrantsDeflection5,EvasionGrantsDeflection4,EvasionGrantsDeflection3,EvasionGrantsDeflection2,EvasionGrantsDeflection1,,,,,,,,,Helmet
HELMET (STR/INT),PREFIX,#% increased Armour and Energy Shield,LocalIncreasedArmourAndEnergyShield7,LocalIncreasedArmourAndEnergyShield6,LocalIncreasedArmourAndEnergyShield5,LocalIncreasedArmourAndEnergyShield4,LocalIncreasedArmourAndEnergyShield3,LocalIncreasedArmourAndEnergyShield2,LocalIncreasedArmourAndEnergyShield1,,,,,,,Helmet
HELMET (STR/INT),PREFIX,"#% increased Armour and Energy Shield, # to maximum Life",LocalIncreasedArmourAndEnergyShieldAndLife6,LocalIncreasedArmourAndEnergyShieldAndLife5,LocalIncreasedArmourAndEnergyShieldAndLife4,LocalIncreasedArmourAndEnergyShieldAndLife3,LocalIncreasedArmourAndEnergyShieldAndLife2,LocalIncreasedArmourAndEnergyShieldAndLife1,,,,,,,,Helmet
HELMET (STR/INT),PREFIX,"#% increased Armour and Energy Shield, # to maximum Mana",LocalIncreasedArmourAndEnergyShieldAndMana6,LocalIncreasedArmourAndEnergyShieldAndMana5,LocalIncreasedArmourAndEnergyShieldAndMana4,LocalIncreasedArmourAndEnergyShieldAndMana3,LocalIncreasedArmourAndEnergyShieldAndMana2,LocalIncreasedArmourAndEnergyShieldAndMana1,,,,,,,,Helmet
HELMET (STR/INT),PREFIX,#% increased Rarity of Items found,ItemFoundRarityIncreasePrefix3,ItemFoundRarityIncreasePrefix2,ItemFoundRarityIncreasePrefix1,,,,,,,,,,,Helmet
HELMET (STR/INT),PREFIX,# to Accuracy Rating,IncreasedAccuracy9,IncreasedAccuracy8,IncreasedAccuracy7,IncreasedAccuracy6,IncreasedAccuracy5,IncreasedAccuracy4,IncreasedAccuracy3,IncreasedAccuracy2,IncreasedAccuracy1,,,,,Helmet
HELMET (STR/INT),PREFIX,"# to Armour, # to maximum Energy Shield",LocalBaseArmourAndEnergyShield5,LocalBaseArmourAndEnergyShield4,LocalBaseArmourAndEnergyShield3,LocalBaseArmourAndEnergyShield2_,LocalBaseArmourAndEnergyShield1,,,,,,,,,Helmet
HELMET (STR/INT),PREFIX,# to maximum Life,IncreasedLife10,IncreasedLife9,IncreasedLife8,IncreasedLife7,IncreasedLife6,IncreasedLife5,IncreasedLife4,IncreasedLife3,IncreasedLife2,IncreasedLife1,,,,Helmet
HELMET (STR/INT),PREFIX,# to maximum Mana,IncreasedMana10,IncreasedMana9,IncreasedMana8,IncreasedMana7,IncreasedMana6,IncreasedMana5,IncreasedMana4,IncreasedMana3,IncreasedMana2,IncreasedMana1,,,,Helmet
HELMET (STR/INT),SUFFIX,# Life Regeneration per second,LifeRegeneration8_,LifeRegeneration7,LifeRegeneration6,LifeRegeneration5,LifeRegeneration4,LifeRegeneration3,LifeRegeneration2,LifeRegeneration1,,,,,,Helmet
HELMET (STR/INT),SUFFIX,#% increased Critical Hit Chance,CriticalStrikeChance5,CriticalStrikeChance4,CriticalStrikeChance3,CriticalStrikeChance2,CriticalStrikeChance1,,,,,,,,,Helmet
HELMET (STR/INT),SUFFIX,"# to Accuracy Rating, #% increased Light Radius",LightRadiusAndAccuracy3,LightRadiusAndAccuracy2,LightRadiusAndAccuracy1,,,,,,,,,,,Helmet
HELMET (STR/INT),SUFFIX,#% increased Rarity of Items found,ItemFoundRarityIncrease3,ItemFoundRarityIncrease2,ItemFoundRarityIncrease1,,,,,,,,,,,Helmet
HELMET (STR/INT),SUFFIX,#% reduced Attribute Requirements,ReducedLocalAttributeRequirements5,ReducedLocalAttributeRequirements4,ReducedLocalAttributeRequirements3,ReducedLocalAttributeRequirements2,ReducedLocalAttributeRequirements1,,,,,,,,,Helmet
HELMET (STR/INT),SUFFIX,# to Intelligence,Intelligence9,Intelligence8,Intelligence7,Intelligence6,Intelligence5,Intelligence4,Intelligence3,Intelligence2,Intelligence1,,,,,Helmet
HELMET (STR/INT),SUFFIX,# to Level of all Minion Skills,GlobalMinionSpellSkillGemLevel2,GlobalMinionSpellSkillGemLevel1,,,,,,,,,,,,Helmet
HELMET (STR/INT),SUFFIX,# to Strength,Strength8,Strength7,Strength6,Strength5,Strength4,Strength3,Strength2,Strength1,,,,,,Helmet
HELMET (STR/INT),SUFFIX,#% to Chaos Resistance,ChaosResist6,ChaosResist5,ChaosResist4,ChaosResist3,ChaosResist2,ChaosResist1,,,,,,,,Helmet
HELMET (STR/INT),SUFFIX,#% to Cold Resistance,ColdResist8,ColdResist7,ColdResist6,ColdResist5,ColdResist4,ColdResist3,ColdResist2,ColdResist1,,,,,,Helmet
HELMET (STR/INT),SUFFIX,#% to Fire Resistance,FireResist8,FireResist7,FireResist6,FireResist5,FireResist4,FireResist3,FireResist2,FireResist1,,,,,,Helmet
HELMET (STR/INT),SUFFIX,#% to Lightning Resistance,LightningResist8,LightningResist7,LightningResist6,LightningResist5,LightningResist4,LightningResist3,LightningResist2,LightningResist1,,,,,,Helmet
HELMET (STR/INT),SUFFIX,#% increased Energy Shield Recharge Rate,EnergyShieldRechargeRate4,EnergyShieldRechargeRate3,EnergyShieldRechargeRate2,EnergyShieldRechargeRate1,,,,,,,,,,Helmet
HELMET (STR/INT),SUFFIX,#% of Armour also applies to Elemental Damage,ArmourAppliesToElementalDamage5,ArmourAppliesToElementalDamage4,ArmourAppliesToElementalDamage3,ArmourAppliesToElementalDamage2,ArmourAppliesToElementalDamage1,,,,,,,,,Helmet
HELMET (STR/DEX),PREFIX,#% increased Armour and Evasion,LocalIncreasedArmourAndEvasion7,LocalIncreasedArmourAndEvasion6,LocalIncreasedArmourAndEvasion5,LocalIncreasedArmourAndEvasion4,LocalIncreasedArmourAndEvasion3,LocalIncreasedArmourAndEvasion2,LocalIncreasedArmourAndEvasion1,,,,,,,Helmet
HELMET (STR/DEX),PREFIX,"#% increased Armour and Evasion, # to maximum Life",LocalIncreasedArmourAndEvasionAndLife6,LocalIncreasedArmourAndEvasionAndLife5,LocalIncreasedArmourAndEvasionAndLife4,LocalIncreasedArmourAndEvasionAndLife3,LocalIncreasedArmourAndEvasionAndLife2,LocalIncreasedArmourAndEvasionAndLife1,,,,,,,,Helmet
HELMET (STR/DEX),PREFIX,"#% increased Armour and Evasion, # to maximum Mana",LocalIncreasedArmourAndEvasionAndMana6,LocalIncreasedArmourAndEvasionAndMana5,LocalIncreasedArmourAndEvasionAndMana4,LocalIncreasedArmourAndEvasionAndMana3,LocalIncreasedArmourAndEvasionAndMana2,LocalIncreasedArmourAndEvasionAndMana1,,,,,,,,Helmet
HELMET (STR/DEX),PREFIX,#% increased Rarity of Items found,ItemFoundRarityIncreasePrefix3,ItemFoundRarityIncreasePrefix2,ItemFoundRarityIncreasePrefix1,,,,,,,,,,,Helmet
HELMET (STR/DEX),PREFIX,# to Accuracy Rating,IncreasedAccuracy9,IncreasedAccuracy8,IncreasedAccuracy7,IncreasedAccuracy6,IncreasedAccuracy5,IncreasedAccuracy4,IncreasedAccuracy3,IncreasedAccuracy2,IncreasedAccuracy1,,,,,Helmet
HELMET (STR/DEX),PREFIX,"# to Armour, # to Evasion Rating",LocalBaseArmourAndEvasionRating5,LocalBaseArmourAndEvasionRating4,LocalBaseArmourAndEvasionRating3,LocalBaseArmourAndEvasionRating2,LocalBaseArmourAndEvasionRating1,,,,,,,,,Helmet
HELMET (STR/DEX),PREFIX,# to maximum Life,IncreasedLife10,IncreasedLife9,IncreasedLife8,IncreasedLife7,IncreasedLife6,IncreasedLife5,IncreasedLife4,IncreasedLife3,IncreasedLife2,IncreasedLife1,,,,Helmet
HELMET (STR/DEX),PREFIX,# to maximum Mana,IncreasedMana10,IncreasedMana9,IncreasedMana8,IncreasedMana7,IncreasedMana6,IncreasedMana5,IncreasedMana4,IncreasedMana3,IncreasedMana2,IncreasedMana1,,,,Helmet
HELMET (STR/DEX),SUFFIX,# Life Regeneration per second,LifeRegeneration8_,LifeRegeneration7,LifeRegeneration6,LifeRegeneration5,LifeRegeneration4,LifeRegeneration3,LifeRegeneration2,LifeRegeneration1,,,,,,Helmet
HELMET (STR/DEX),SUFFIX,#% increased Critical Hit Chance,CriticalStrikeChance5,CriticalStrikeChance4,CriticalStrikeChance3,CriticalStrikeChance2,CriticalStrikeChance1,,,,,,,,,Helmet
HELMET (STR/DEX),SUFFIX,"# to Accuracy Rating, #% increased Light Radius",LightRadiusAndAccuracy3,LightRadiusAndAccuracy2,LightRadiusAndAccuracy1,,,,,,,,,,,Helmet
HELMET (STR/DEX),SUFFIX,#% increased Rarity of Items found,ItemFoundRarityIncrease3,ItemFoundRarityIncrease2,ItemFoundRarityIncrease1,,,,,,,,,,,Helmet
HELMET (STR/DEX),SUFFIX,#% reduced Attribute Requirements,ReducedLocalAttributeRequirements5,ReducedLocalAttributeRequirements4,ReducedLocalAttributeRequirements3,ReducedLocalAttributeRequirements2,ReducedLocalAttributeRequirements1,,,,,,,,,Helmet
HELMET (STR/DEX),SUFFIX,# to Dexterity,Dexterity8,Dexterity7,Dexterity6,Dexterity5,Dexterity4,Dexterity3,Dexterity2,Dexterity1,,,,,,Helmet
HELMET (STR/DEX),SUFFIX,# to Intelligence,Intelligence9,Intelligence8,Intelligence7,Intelligence6,Intelligence5,Intelligence4,Intelligence3,Intelligence2,Intelligence1,,,,,Helmet
HELMET (STR/DEX),SUFFIX,# to Level of all Minion Skills,GlobalMinionSpellSkillGemLevel2,GlobalMinionSpellSkillGemLevel1,,,,,,,,,,,,Helmet
HELMET (STR/DEX),SUFFIX,# to Strength,Strength8,Strength7,Strength6,Strength5,Strength4,Strength3,Strength2,Strength1,,,,,,Helmet
HELMET (STR/DEX),SUFFIX,#% to Chaos Resistance,ChaosResist6,ChaosResist5,ChaosResist4,ChaosResist3,ChaosResist2,ChaosResist1,,,,,,,,Helmet
HELMET (STR/DEX),SUFFIX,#% to Cold Resistance,ColdResist8,ColdResist7,ColdResist6,ColdResist5,ColdResist4,ColdResist3,ColdResist2,ColdResist1,,,,,,Helmet
HELMET (STR/DEX),SUFFIX,#% to Fire Resistance,FireResist8,FireResist7,FireResist6,FireResist5,FireResist4,FireResist3,FireResist2,FireResist1,,,,,,Helmet
HELMET (STR/DEX),SUFFIX,#% to Lightning Resistance,LightningResist8,LightningResist7,LightningResist6,LightningResist5,LightningResist4,LightningResist3,LightningResist2,LightningResist1,,,,,,Helmet
HELMET (STR/DEX),SUFFIX,#% of Armour also applies to Elemental Damage,ArmourAppliesToElementalDamage5,ArmourAppliesToElementalDamage4,ArmourAppliesToElementalDamage3,ArmourAppliesToElementalDamage2,ArmourAppliesToElementalDamage1,,,,,,,,,Helmet
HELMET (STR/DEX),SUFFIX,Gain Deflection Rating equal to #% of Evasion Rating,EvasionGrantsDeflection5,EvasionGrantsDeflection4,EvasionGrantsDeflection3,EvasionGrantsDeflection2,EvasionGrantsDeflection1,,,,,,,,,Helmet
BODY ARMOUR (INT),PREFIX,# to # Physical Thorns damage,AttackerTakesDamage7,AttackerTakesDamage6,AttackerTakesDamage5,AttackerTakesDamage4,AttackerTakesDamage3,AttackerTakesDamage2,AttackerTakesDamage1,,,,,,,Body Armour
BODY ARMOUR (INT),PREFIX,#% increased Energy Shield,LocalIncreasedEnergyShieldPercent8,LocalIncreasedEnergyShieldPercent7_,LocalIncreasedEnergyShieldPercent6,LocalIncreasedEnergyShieldPercent5,LocalIncreasedEnergyShieldPercent4,LocalIncreasedEnergyShieldPercent3,LocalIncreasedEnergyShieldPercent2,LocalIncreasedEnergyShieldPercent1,,,,,,Body Armour
BODY ARMOUR (INT),PREFIX,"# to maximum Energy Shield, #% increased Energy Shield",LocalIncreasedEnergyShieldAndBase6,LocalIncreasedEnergyShieldAndBase5,LocalIncreasedEnergyShieldAndBase4,LocalIncreasedEnergyShieldAndBase3,LocalIncreasedEnergyShieldAndBase2,LocalIncreasedEnergyShieldAndBase1,,,,,,,,Body Armour
BODY ARMOUR (INT),PREFIX,"#% increased Energy Shield, # to maximum Life",LocalIncreasedEnergyShieldAndLife6,LocalIncreasedEnergyShieldAndLife5,LocalIncreasedEnergyShieldAndLife4,LocalIncreasedEnergyShieldAndLife3,LocalIncreasedEnergyShieldAndLife2,LocalIncreasedEnergyShieldAndLife1,,,,,,,,Body Armour
BODY ARMOUR (INT),PREFIX,# to maximum Energy Shield,LocalIncreasedEnergyShield11,LocalIncreasedEnergyShield10,LocalIncreasedEnergyShield9,LocalIncreasedEnergyShield8,LocalIncreasedEnergyShield7,LocalIncreasedEnergyShield6,LocalIncreasedEnergyShield5,LocalIncreasedEnergyShield4,LocalIncreasedEnergyShield3,LocalIncreasedEnergyShield2,LocalIncreasedEnergyShield1,,,Body Armour
BODY ARMOUR (INT),PREFIX,# to maximum Life,IncreasedLife13,IncreasedLife12,IncreasedLife11,IncreasedLife10,IncreasedLife9,IncreasedLife8,IncreasedLife7,IncreasedLife6,IncreasedLife5,IncreasedLife4,IncreasedLife3,IncreasedLife2,IncreasedLife1,Body Armour
BODY ARMOUR (INT),PREFIX,# to Spirit,IncreasedSpirit8,IncreasedSpirit7,IncreasedSpirit6,IncreasedSpirit5,IncreasedSpirit4,IncreasedSpirit3,IncreasedSpirit2,IncreasedSpirit1,,,,,,Body Armour
BODY ARMOUR (INT),SUFFIX,# Life Regeneration per second,LifeRegeneration11____,LifeRegeneration10__,LifeRegeneration9,LifeRegeneration8_,LifeRegeneration7,LifeRegeneration6,LifeRegeneration5,LifeRegeneration4,LifeRegeneration3,LifeRegeneration2,LifeRegeneration1,,,Body Armour
BODY ARMOUR (INT),SUFFIX,#% reduced Attribute Requirements,ReducedLocalAttributeRequirements5,ReducedLocalAttributeRequirements4,ReducedLocalAttributeRequirements3,ReducedLocalAttributeRequirements2,ReducedLocalAttributeRequirements1,,,,,,,,,Body Armour
BODY ARMOUR (INT),SUFFIX,#% reduced Duration of Bleeding on You,ReducedBleedDuration5,ReducedBleedDuration4,ReducedBleedDuration3,ReducedBleedDuration2,ReducedBleedDuration1,,,,,,,,,Body Armour
BODY ARMOUR (INT),SUFFIX,#% reduced Ignite Duration on you,ReducedBurnDuration5,ReducedBurnDuration4,ReducedBurnDuration3,ReducedBurnDuration2,ReducedBurnDuration1,,,,,,,,,Body Armour
BODY ARMOUR (INT),SUFFIX,#% reduced Poison Duration on you,ReducedPoisonDuration5,ReducedPoisonDuration4,ReducedPoisonDuration3,ReducedPoisonDuration2,ReducedPoisonDuration1,,,,,,,,,Body Armour
BODY ARMOUR (INT),SUFFIX,# to Intelligence,Intelligence8,Intelligence7,Intelligence6,Intelligence5,Intelligence4,Intelligence3,Intelligence2,Intelligence1,,,,,,Body Armour
BODY ARMOUR (INT),SUFFIX,# to Stun Threshold,StunThreshold10,StunThreshold9,StunThreshold8,StunThreshold7,StunThreshold6,StunThreshold5,StunThreshold4,StunThreshold3,StunThreshold2,StunThreshold1,,,,Body Armour
BODY ARMOUR (INT),SUFFIX,#% to Chaos Resistance,ChaosResist6,ChaosResist5,ChaosResist4,ChaosResist3,ChaosResist2,ChaosResist1,,,,,,,,Body Armour
BODY ARMOUR (INT),SUFFIX,#% to Cold Resistance,ColdResist8,ColdResist7,ColdResist6,ColdResist5,ColdResist4,ColdResist3,ColdResist2,ColdResist1,,,,,,Body Armour
BODY ARMOUR (INT),SUFFIX,#% to Fire Resistance,FireResist8,FireResist7,FireResist6,FireResist5,FireResist4,FireResist3,FireResist2,FireResist1,,,,,,Body Armour
BODY ARMOUR (INT),SUFFIX,#% to Lightning Resistance,LightningResist8,LightningResist7,LightningResist6,LightningResist5,LightningResist4,LightningResist3,LightningResist2,LightningResist1,,,,,,Body Armour
BODY ARMOUR (INT),SUFFIX,#% faster start of Energy Shield Recharge,FasterStartOfEnergyShieldRecharge6,FasterStartOfEnergyShieldRecharge5,FasterStartOfEnergyShieldRecharge4,FasterStartOfEnergyShieldRecharge3,FasterStartOfEnergyShieldRecharge2,FasterStartOfEnergyShieldRecharge1,,,,,,,,Body Armour
BODY ARMOUR (DEX),PREFIX,# to # Physical Thorns damage,AttackerTakesDamage7,AttackerTakesDamage6,AttackerTakesDamage5,AttackerTakesDamage4,AttackerTakesDamage3,AttackerTakesDamage2,AttackerTakesDamage1,,,,,,,Body Armour
BODY ARMOUR (DEX),PREFIX,#% increased Evasion Rating,LocalIncreasedEvasionRatingPercent8,LocalIncreasedEvasionRatingPercent7,LocalIncreasedEvasionRatingPercent6,LocalIncreasedEvasionRatingPercent5,LocalIncreasedEvasionRatingPercent4,LocalIncreasedEvasionRatingPercent3,LocalIncreasedEvasionRatingPercent2,LocalIncreasedEvasionRatingPercent1,,,,,,Body Armour
BODY ARMOUR (DEX),PREFIX,"# to Evasion Rating, #% increased Evasion Rating",LocalIncreasedEvasionAndBase6,LocalIncreasedEvasionAndBase5,LocalIncreasedEvasionAndBase4,LocalIncreasedEvasionAndBase3,LocalIncreasedEvasionAndBase2,LocalIncreasedEvasionAndBase1,,,,,,,,Body Armour
BODY ARMOUR (DEX),PREFIX,"#% increased Evasion Rating, # to maximum Life",LocalIncreasedEvasionAndLife6,LocalIncreasedEvasionAndLife5,LocalIncreasedEvasionAndLife4,LocalIncreasedEvasionAndLife3,LocalIncreasedEvasionAndLife2,LocalIncreasedEvasionAndLife1,,,,,,,,Body Armour
BODY ARMOUR (DEX),PREFIX,# to Evasion Rating,LocalIncreasedEvasionRating11,LocalIncreasedEvasionRating10,LocalIncreasedEvasionRating9___,LocalIncreasedEvasionRating8,LocalIncreasedEvasionRating7_,LocalIncreasedEvasionRating6,LocalIncreasedEvasionRating5,LocalIncreasedEvasionRating4,LocalIncreasedEvasionRating3,LocalIncreasedEvasionRating2,LocalIncreasedEvasionRating1,,,Body Armour
BODY ARMOUR (DEX),PREFIX,# to maximum Life,IncreasedLife13,IncreasedLife12,IncreasedLife11,IncreasedLife10,IncreasedLife9,IncreasedLife8,IncreasedLife7,IncreasedLife6,IncreasedLife5,IncreasedLife4,IncreasedLife3,IncreasedLife2,IncreasedLife1,Body Armour
BODY ARMOUR (DEX),PREFIX,# to Spirit,IncreasedSpirit8,IncreasedSpirit7,IncreasedSpirit6,IncreasedSpirit5,IncreasedSpirit4,IncreasedSpirit3,IncreasedSpirit2,IncreasedSpirit1,,,,,,Body Armour
BODY ARMOUR (DEX),SUFFIX,# Life Regeneration per second,LifeRegeneration11____,LifeRegeneration10__,LifeRegeneration9,LifeRegeneration8_,LifeRegeneration7,LifeRegeneration6,LifeRegeneration5,LifeRegeneration4,LifeRegeneration3,LifeRegeneration2,LifeRegeneration1,,,Body Armour
BODY ARMOUR (DEX),SUFFIX,#% reduced Attribute Requirements,ReducedLocalAttributeRequirements5,ReducedLocalAttributeRequirements4,ReducedLocalAttributeRequirements3,ReducedLocalAttributeRequirements2,ReducedLocalAttributeRequirements1,,,,,,,,,Body Armour
BODY ARMOUR (DEX),SUFFIX,#% reduced Duration of Bleeding on You,ReducedBleedDuration5,ReducedBleedDuration4,ReducedBleedDuration3,ReducedBleedDuration2,ReducedBleedDuration1,,,,,,,,,Body Armour
BODY ARMOUR (DEX),SUFFIX,#% reduced Ignite Duration on you,ReducedBurnDuration5,ReducedBurnDuration4,ReducedBurnDuration3,ReducedBurnDuration2,ReducedBurnDuration1,,,,,,,,,Body Armour
BODY ARMOUR (DEX),SUFFIX,#% reduced Poison Duration on you,ReducedPoisonDuration5,ReducedPoisonDuration4,ReducedPoisonDuration3,ReducedPoisonDuration2,ReducedPoisonDuration1,,,,,,,,,Body Armour
BODY ARMOUR (DEX),SUFFIX,# to Dexterity,Dexterity8,Dexterity7,Dexterity6,Dexterity5,Dexterity4,Dexterity3,Dexterity2,Dexterity1,,,,,,Body Armour
BODY ARMOUR (DEX),SUFFIX,# to Stun Threshold,StunThreshold10,StunThreshold9,StunThreshold8,StunThreshold7,StunThreshold6,StunThreshold5,StunThreshold4,StunThreshold3,StunThreshold2,StunThreshold1,,,,Body Armour
BODY ARMOUR (DEX),SUFFIX,#% to Chaos Resistance,ChaosResist6,ChaosResist5,ChaosResist4,ChaosResist3,ChaosResist2,ChaosResist1,,,,,,,,Body Armour
BODY ARMOUR (DEX),SUFFIX,#% to Cold Resistance,ColdResist8,ColdResist7,ColdResist6,ColdResist5,ColdResist4,ColdResist3,ColdResist2,ColdResist1,,,,,,Body Armour
BODY ARMOUR (DEX),SUFFIX,#% to Fire Resistance,FireResist8,FireResist7,FireResist6,FireResist5,FireResist4,FireResist3,FireResist2,FireResist1,,,,,,Body Armour
BODY ARMOUR (DEX),SUFFIX,#% to Lightning Resistance,LightningResist8,LightningResist7,LightningResist6,LightningResist5,LightningResist4,LightningResist3,LightningResist2,LightningResist1,,,,,,Body Armour
BODY ARMOUR (DEX),SUFFIX,Gain Deflection Rating equal to #% of Evasion Rating,EvasionGrantsDeflection6,EvasionGrantsDeflection5,EvasionGrantsDeflection4,EvasionGrantsDeflection3,EvasionGrantsDeflection2,EvasionGrantsDeflection1,,,,,,,,Body Armour
BODY ARMOUR (STR),PREFIX,# to # Physical Thorns damage,AttackerTakesDamage7,AttackerTakesDamage6,AttackerTakesDamage5,AttackerTakesDamage4,AttackerTakesDamage3,AttackerTakesDamage2,AttackerTakesDamage1,,,,,,,Body Armour
BODY ARMOUR (STR),PREFIX,#% increased Armour,LocalIncreasedPhysicalDamageReductionRatingPercent8_,LocalIncreasedPhysicalDamageReductionRatingPercent7,LocalIncreasedPhysicalDamageReductionRatingPercent6,LocalIncreasedPhysicalDamageReductionRatingPercent5,LocalIncreasedPhysicalDamageReductionRatingPercent4,LocalIncreasedPhysicalDamageReductionRatingPercent3,LocalIncreasedPhysicalDamageReductionRatingPercent2,LocalIncreasedPhysicalDamageReductionRatingPercent1,,,,,,Body Armour
BODY ARMOUR (STR),PREFIX,"# to Armour, #% increased Armour",LocalIncreasedArmourAndBase6,LocalIncreasedArmourAndBase5,LocalIncreasedArmourAndBase4,LocalIncreasedArmourAndBase3,LocalIncreasedArmourAndBase2,LocalIncreasedArmourAndBase1,,,,,,,,Body Armour
BODY ARMOUR (STR),PREFIX,"#% increased Armour, # to maximum Life",LocalIncreasedArmourAndLife6,LocalIncreasedArmourAndLife5,LocalIncreasedArmourAndLife4,LocalIncreasedArmourAndLife3,LocalIncreasedArmourAndLife2,LocalIncreasedArmourAndLife1,,,,,,,,Body Armour
BODY ARMOUR (STR),PREFIX,# to Armour,LocalIncreasedPhysicalDamageReductionRating11,LocalIncreasedPhysicalDamageReductionRating10,LocalIncreasedPhysicalDamageReductionRating9_,LocalIncreasedPhysicalDamageReductionRating8,LocalIncreasedPhysicalDamageReductionRating7__,LocalIncreasedPhysicalDamageReductionRating6,LocalIncreasedPhysicalDamageReductionRating5,LocalIncreasedPhysicalDamageReductionRating4,LocalIncreasedPhysicalDamageReductionRating3,LocalIncreasedPhysicalDamageReductionRating2,LocalIncreasedPhysicalDamageReductionRating1,,,Body Armour
BODY ARMOUR (STR),PREFIX,# to maximum Life,IncreasedLife13,IncreasedLife12,IncreasedLife11,IncreasedLife10,IncreasedLife9,IncreasedLife8,IncreasedLife7,IncreasedLife6,IncreasedLife5,IncreasedLife4,IncreasedLife3,IncreasedLife2,IncreasedLife1,Body Armour
BODY ARMOUR (STR),PREFIX,# to Spirit,IncreasedSpirit8,IncreasedSpirit7,IncreasedSpirit6,IncreasedSpirit5,IncreasedSpirit4,IncreasedSpirit3,IncreasedSpirit2,IncreasedSpirit1,,,,,,Body Armour
BODY ARMOUR (STR),SUFFIX,# Life Regeneration per second,LifeRegeneration11____,LifeRegeneration10__,LifeRegeneration9,LifeRegeneration8_,LifeRegeneration7,LifeRegeneration6,LifeRegeneration5,LifeRegeneration4,LifeRegeneration3,LifeRegeneration2,LifeRegeneration1,,,Body Armour
BODY ARMOUR (STR),SUFFIX,#% reduced Attribute Requirements,ReducedLocalAttributeRequirements5,ReducedLocalAttributeRequirements4,ReducedLocalAttributeRequirements3,ReducedLocalAttributeRequirements2,ReducedLocalAttributeRequirements1,,,,,,,,,Body Armour
BODY ARMOUR (STR),SUFFIX,#% reduced Duration of Bleeding on You,ReducedBleedDuration5,ReducedBleedDuration4,ReducedBleedDuration3,ReducedBleedDuration2,ReducedBleedDuration1,,,,,,,,,Body Armour
BODY ARMOUR (STR),SUFFIX,#% reduced Ignite Duration on you,ReducedBurnDuration5,ReducedBurnDuration4,ReducedBurnDuration3,ReducedBurnDuration2,ReducedBurnDuration1,,,,,,,,,Body Armour
BODY ARMOUR (STR),SUFFIX,#% reduced Poison Duration on you,ReducedPoisonDuration5,ReducedPoisonDuration4,ReducedPoisonDuration3,ReducedPoisonDuration2,ReducedPoisonDuration1,,,,,,,,,Body Armour
BODY ARMOUR (STR),SUFFIX,# to Strength,Strength8,Strength7,Strength6,Strength5,Strength4,Strength3,Strength2,Strength1,,,,,,Body Armour
BODY ARMOUR (STR),SUFFIX,# to Stun Threshold,StunThreshold10,StunThreshold9,StunThreshold8,StunThreshold7,StunThreshold6,StunThreshold5,StunThreshold4,StunThreshold3,StunThreshold2,StunThreshold1,,,,Body Armour
BODY ARMOUR (STR),SUFFIX,#% to Chaos Resistance,ChaosResist6,ChaosResist5,ChaosResist4,ChaosResist3,ChaosResist2,ChaosResist1,,,,,,,,Body Armour
BODY ARMOUR (STR),SUFFIX,#% to Cold Resistance,ColdResist8,ColdResist7,ColdResist6,ColdResist5,ColdResist4,ColdResist3,ColdResist2,ColdResist1,,,,,,Body Armour
BODY ARMOUR (STR),SUFFIX,#% to Fire Resistance,FireResist8,FireResist7,FireResist6,FireResist5,FireResist4,FireResist3,FireResist2,FireResist1,,,,,,Body Armour
BODY ARMOUR (STR),SUFFIX,#% to Lightning Resistance,LightningResist8,LightningResist7,LightningResist6,LightningResist5,LightningResist4,LightningResist3,LightningResist2,LightningResist1,,,,,,Body Armour
BODY ARMOUR (STR),SUFFIX,#% of Armour also applies to Elemental Damage,ArmourAppliesToElementalDamage6,ArmourAppliesToElementalDamage5,ArmourAppliesToElementalDamage4,ArmourAppliesToElementalDamage3,ArmourAppliesToElementalDamage2,ArmourAppliesToElementalDamage1,,,,,,,,Body Armour
BODY ARMOUR (DEX/INT),PREFIX,# to # Physical Thorns damage,AttackerTakesDamage7,AttackerTakesDamage6,AttackerTakesDamage5,AttackerTakesDamage4,AttackerTakesDamage3,AttackerTakesDamage2,AttackerTakesDamage1,,,,,,,Body Armour
BODY ARMOUR (DEX/INT),PREFIX,#% increased Evasion and Energy Shield,LocalIncreasedEvasionAndEnergyShield8,LocalIncreasedEvasionAndEnergyShield7,LocalIncreasedEvasionAndEnergyShield6,LocalIncreasedEvasionAndEnergyShield5_,LocalIncreasedEvasionAndEnergyShield4,LocalIncreasedEvasionAndEnergyShield3,LocalIncreasedEvasionAndEnergyShield2,LocalIncreasedEvasionAndEnergyShield1,,,,,,Body Armour
BODY ARMOUR (DEX/INT),PREFIX,"# to Evasion Rating, # to maximum Energy Shield, #% increased Evasion and Energy Shield",LocalIncreasedEvasionAndEnergyShieldAndBase6,LocalIncreasedEvasionAndEnergyShieldAndBase5,LocalIncreasedEvasionAndEnergyShieldAndBase4,LocalIncreasedEvasionAndEnergyShieldAndBase3,LocalIncreasedEvasionAndEnergyShieldAndBase2,LocalIncreasedEvasionAndEnergyShieldAndBase1,,,,,,,,Body Armour
BODY ARMOUR (DEX/INT),PREFIX,"#% increased Evasion and Energy Shield, # to maximum Life",LocalIncreasedEvasionAndEnergyShieldAndLife6,LocalIncreasedEvasionAndEnergyShieldAndLife5,LocalIncreasedEvasionAndEnergyShieldAndLife4,LocalIncreasedEvasionAndEnergyShieldAndLife3,LocalIncreasedEvasionAndEnergyShieldAndLife2,LocalIncreasedEvasionAndEnergyShieldAndLife1,,,,,,,,Body Armour
BODY ARMOUR (DEX/INT),PREFIX,"# to Evasion Rating, # to maximum Energy Shield",LocalBaseEvasionRatingAndEnergyShield8___,LocalBaseEvasionRatingAndEnergyShield7___,LocalBaseEvasionRatingAndEnergyShield6,LocalBaseEvasionRatingAndEnergyShield5_,LocalBaseEvasionRatingAndEnergyShield4,LocalBaseEvasionRatingAndEnergyShield3,LocalBaseEvasionRatingAndEnergyShield2,LocalBaseEvasionRatingAndEnergyShield1,,,,,,Body Armour
BODY ARMOUR (DEX/INT),PREFIX,# to maximum Life,IncreasedLife13,IncreasedLife12,IncreasedLife11,IncreasedLife10,IncreasedLife9,IncreasedLife8,IncreasedLife7,IncreasedLife6,IncreasedLife5,IncreasedLife4,IncreasedLife3,IncreasedLife2,IncreasedLife1,Body Armour
BODY ARMOUR (DEX/INT),PREFIX,# to Spirit,IncreasedSpirit8,IncreasedSpirit7,IncreasedSpirit6,IncreasedSpirit5,IncreasedSpirit4,IncreasedSpirit3,IncreasedSpirit2,IncreasedSpirit1,,,,,,Body Armour
BODY ARMOUR (DEX/INT),SUFFIX,# Life Regeneration per second,LifeRegeneration11____,LifeRegeneration10__,LifeRegeneration9,LifeRegeneration8_,LifeRegeneration7,LifeRegeneration6,LifeRegeneration5,LifeRegeneration4,LifeRegeneration3,LifeRegeneration2,LifeRegeneration1,,,Body Armour
BODY ARMOUR (DEX/INT),SUFFIX,#% reduced Attribute Requirements,ReducedLocalAttributeRequirements5,ReducedLocalAttributeRequirements4,ReducedLocalAttributeRequirements3,ReducedLocalAttributeRequirements2,ReducedLocalAttributeRequirements1,,,,,,,,,Body Armour
BODY ARMOUR (DEX/INT),SUFFIX,#% reduced Duration of Bleeding on You,ReducedBleedDuration5,ReducedBleedDuration4,ReducedBleedDuration3,ReducedBleedDuration2,ReducedBleedDuration1,,,,,,,,,Body Armour
BODY ARMOUR (DEX/INT),SUFFIX,#% reduced Ignite Duration on you,ReducedBurnDuration5,ReducedBurnDuration4,ReducedBurnDuration3,ReducedBurnDuration2,ReducedBurnDuration1,,,,,,,,,Body Armour
BODY ARMOUR (DEX/INT),SUFFIX,#% reduced Poison Duration on you,ReducedPoisonDuration5,ReducedPoisonDuration4,ReducedPoisonDuration3,ReducedPoisonDuration2,ReducedPoisonDuration1,,,,,,,,,Body Armour
BODY ARMOUR (DEX/INT),SUFFIX,# to Dexterity,Dexterity8,Dexterity7,Dexterity6,Dexterity5,Dexterity4,Dexterity3,Dexterity2,Dexterity1,,,,,,Body Armour
BODY ARMOUR (DEX/INT),SUFFIX,# to Intelligence,Intelligence8,Intelligence7,Intelligence6,Intelligence5,Intelligence4,Intelligence3,Intelligence2,Intelligence1,,,,,,Body Armour
BODY ARMOUR (DEX/INT),SUFFIX,# to Stun Threshold,StunThreshold10,StunThreshold9,StunThreshold8,StunThreshold7,StunThreshold6,StunThreshold5,StunThreshold4,StunThreshold3,StunThreshold2,StunThreshold1,,,,Body Armour
BODY ARMOUR (DEX/INT),SUFFIX,#% to Chaos Resistance,ChaosResist6,ChaosResist5,ChaosResist4,ChaosResist3,ChaosResist2,ChaosResist1,,,,,,,,Body Armour
BODY ARMOUR (DEX/INT),SUFFIX,#% to Cold Resistance,ColdResist8,ColdResist7,ColdResist6,ColdResist5,ColdResist4,ColdResist3,ColdResist2,ColdResist1,,,,,,Body Armour
BODY ARMOUR (DEX/INT),SUFFIX,#% to Fire Resistance,FireResist8,FireResist7,FireResist6,FireResist5,FireResist4,FireResist3,FireResist2,FireResist1,,,,,,Body Armour
BODY ARMOUR (DEX/INT),SUFFIX,#% to Lightning Resistance,LightningResist8,LightningResist7,LightningResist6,LightningResist5,LightningResist4,LightningResist3,LightningResist2,LightningResist1,,,,,,Body Armour
BODY ARMOUR (DEX/INT),SUFFIX,#% faster start of Energy Shield Recharge,FasterStartOfEnergyShieldRecharge6,FasterStartOfEnergyShieldRecharge5,FasterStartOfEnergyShieldRecharge4,FasterStartOfEnergyShieldRecharge3,FasterStartOfEnergyShieldRecharge2,FasterStartOfEnergyShieldRecharge1,,,,,,,,Body Armour
BODY ARMOUR (DEX/INT),SUFFIX,Gain Deflection Rating equal to #% of Evasion Rating,EvasionGrantsDeflection6,EvasionGrantsDeflection5,EvasionGrantsDeflection4,EvasionGrantsDeflection3,EvasionGrantsDeflection2,EvasionGrantsDeflection1,,,,,,,,Body Armour
BODY ARMOUR (STR/INT),PREFIX,# to # Physical Thorns damage,AttackerTakesDamage7,AttackerTakesDamage6,AttackerTakesDamage5,AttackerTakesDamage4,AttackerTakesDamage3,AttackerTakesDamage2,AttackerTakesDamage1,,,,,,,Body Armour
BODY ARMOUR (STR/INT),PREFIX,#% increased Armour and Energy Shield,LocalIncreasedArmourAndEnergyShield8,LocalIncreasedArmourAndEnergyShield7,LocalIncreasedArmourAndEnergyShield6,LocalIncreasedArmourAndEnergyShield5,LocalIncreasedArmourAndEnergyShield4,LocalIncreasedArmourAndEnergyShield3,LocalIncreasedArmourAndEnergyShield2,LocalIncreasedArmourAndEnergyShield1,,,,,,Body Armour
BODY ARMOUR (STR/INT),PREFIX,"# to Armour, # to maximum Energy Shield, #% increased Armour and Energy Shield",LocalIncreasedArmourAndEnergyShieldAndBase6,LocalIncreasedArmourAndEnergyShieldAndBase5,LocalIncreasedArmourAndEnergyShieldAndBase4,LocalIncreasedArmourAndEnergyShieldAndBase3,LocalIncreasedArmourAndEnergyShieldAndBase2,LocalIncreasedArmourAndEnergyShieldAndBase1,,,,,,,,Body Armour
BODY ARMOUR (STR/INT),PREFIX,"#% increased Armour and Energy Shield, # to maximum Life",LocalIncreasedArmourAndEnergyShieldAndLife6,LocalIncreasedArmourAndEnergyShieldAndLife5,LocalIncreasedArmourAndEnergyShieldAndLife4,LocalIncreasedArmourAndEnergyShieldAndLife3,LocalIncreasedArmourAndEnergyShieldAndLife2,LocalIncreasedArmourAndEnergyShieldAndLife1,,,,,,,,Body Armour
BODY ARMOUR (STR/INT),PREFIX,"# to Armour, # to maximum Energy Shield",LocalBaseArmourAndEnergyShield8,LocalBaseArmourAndEnergyShield7,LocalBaseArmourAndEnergyShield6,LocalBaseArmourAndEnergyShield5,LocalBaseArmourAndEnergyShield4,LocalBaseArmourAndEnergyShield3,LocalBaseArmourAndEnergyShield2_,LocalBaseArmourAndEnergyShield1,,,,,,Body Armour
BODY ARMOUR (STR/INT),PREFIX,# to maximum Life,IncreasedLife13,IncreasedLife12,IncreasedLife11,IncreasedLife10,IncreasedLife9,IncreasedLife8,IncreasedLife7,IncreasedLife6,IncreasedLife5,IncreasedLife4,IncreasedLife3,IncreasedLife2,IncreasedLife1,Body Armour
BODY ARMOUR (STR/INT),PREFIX,# to Spirit,IncreasedSpirit8,IncreasedSpirit7,IncreasedSpirit6,IncreasedSpirit5,IncreasedSpirit4,IncreasedSpirit3,IncreasedSpirit2,IncreasedSpirit1,,,,,,Body Armour
BODY ARMOUR (STR/INT),SUFFIX,# Life Regeneration per second,LifeRegeneration11____,LifeRegeneration10__,LifeRegeneration9,LifeRegeneration8_,LifeRegeneration7,LifeRegeneration6,LifeRegeneration5,LifeRegeneration4,LifeRegeneration3,LifeRegeneration2,LifeRegeneration1,,,Body Armour
BODY ARMOUR (STR/INT),SUFFIX,#% reduced Attribute Requirements,ReducedLocalAttributeRequirements5,ReducedLocalAttributeRequirements4,ReducedLocalAttributeRequirements3,ReducedLocalAttributeRequirements2,ReducedLocalAttributeRequirements1,,,,,,,,,Body Armour
BODY ARMOUR (STR/INT),SUFFIX,#% reduced Duration of Bleeding on You,ReducedBleedDuration5,ReducedBleedDuration4,ReducedBleedDuration3,ReducedBleedDuration2,ReducedBleedDuration1,,,,,,,,,Body Armour
BODY ARMOUR (STR/INT),SUFFIX,#% reduced Ignite Duration on you,ReducedBurnDuration5,ReducedBurnDuration4,ReducedBurnDuration3,ReducedBurnDuration2,ReducedBurnDuration1,,,,,,,,,Body Armour
BODY ARMOUR (STR/INT),SUFFIX,#% reduced Poison Duration on you,ReducedPoisonDuration5,ReducedPoisonDuration4,ReducedPoisonDuration3,ReducedPoisonDuration2,ReducedPoisonDuration1,,,,,,,,,Body Armour
BODY ARMOUR (STR/INT),SUFFIX,# to Intelligence,Intelligence8,Intelligence7,Intelligence6,Intelligence5,Intelligence4,Intelligence3,Intelligence2,Intelligence1,,,,,,Body Armour
BODY ARMOUR (STR/INT),SUFFIX,# to Strength,Strength8,Strength7,Strength6,Strength5,Strength4,Strength3,Strength2,Strength1,,,,,,Body Armour
BODY ARMOUR (STR/INT),SUFFIX,# to Stun Threshold,StunThreshold10,StunThreshold9,StunThreshold8,StunThreshold7,StunThreshold6,StunThreshold5,StunThreshold4,StunThreshold3,StunThreshold2,StunThreshold1,,,,Body Armour
BODY ARMOUR (STR/INT),SUFFIX,#% to Chaos Resistance,ChaosResist6,ChaosResist5,ChaosResist4,ChaosResist3,ChaosResist2,ChaosResist1,,,,,,,,Body Armour
BODY ARMOUR (STR/INT),SUFFIX,#% to Cold Resistance,ColdResist8,ColdResist7,ColdResist6,ColdResist5,ColdResist4,ColdResist3,ColdResist2,ColdResist1,,,,,,Body Armour
BODY ARMOUR (STR/INT),SUFFIX,#% to Fire Resistance,FireResist8,FireResist7,FireResist6,FireResist5,FireResist4,FireResist3,FireResist2,FireResist1,,,,,,Body Armour
BODY ARMOUR (STR/INT),SUFFIX,#% to Lightning Resistance,LightningResist8,LightningResist7,LightningResist6,LightningResist5,LightningResist4,LightningResist3,LightningResist2,LightningResist1,,,,,,Body Armour
BODY ARMOUR (STR/INT),SUFFIX,#% faster start of Energy Shield Recharge,FasterStartOfEnergyShieldRecharge6,FasterStartOfEnergyShieldRecharge5,FasterStartOfEnergyShieldRecharge4,FasterStartOfEnergyShieldRecharge3,FasterStartOfEnergyShieldRecharge2,FasterStartOfEnergyShieldRecharge1,,,,,,,,Body Armour
BODY ARMOUR (STR/INT),SUFFIX,#% of Armour also applies to Elemental Damage,ArmourAppliesToElementalDamage6,ArmourAppliesToElementalDamage5,ArmourAppliesToElementalDamage4,ArmourAppliesToElementalDamage3,ArmourAppliesToElementalDamage2,ArmourAppliesToElementalDamage1,,,,,,,,Body Armour
BODY ARMOUR (STR/DEX),PREFIX,# to # Physical Thorns damage,AttackerTakesDamage7,AttackerTakesDamage6,AttackerTakesDamage5,AttackerTakesDamage4,AttackerTakesDamage3,AttackerTakesDamage2,AttackerTakesDamage1,,,,,,,Body Armour
BODY ARMOUR (STR/DEX),PREFIX,#% increased Armour and Evasion,LocalIncreasedArmourAndEvasion8,LocalIncreasedArmourAndEvasion7,LocalIncreasedArmourAndEvasion6,LocalIncreasedArmourAndEvasion5,LocalIncreasedArmourAndEvasion4,LocalIncreasedArmourAndEvasion3,LocalIncreasedArmourAndEvasion2,LocalIncreasedArmourAndEvasion1,,,,,,Body Armour
BODY ARMOUR (STR/DEX),PREFIX,"# to Armour, # to Evasion Rating, #% increased Armour and Evasion",LocalIncreasedArmourAndEvasionAndBase6,LocalIncreasedArmourAndEvasionAndBase5,LocalIncreasedArmourAndEvasionAndBase4,LocalIncreasedArmourAndEvasionAndBase3,LocalIncreasedArmourAndEvasionAndBase2,LocalIncreasedArmourAndEvasionAndBase1,,,,,,,,Body Armour
BODY ARMOUR (STR/DEX),PREFIX,"#% increased Armour and Evasion, # to maximum Life",LocalIncreasedArmourAndEvasionAndLife6,LocalIncreasedArmourAndEvasionAndLife5,LocalIncreasedArmourAndEvasionAndLife4,LocalIncreasedArmourAndEvasionAndLife3,LocalIncreasedArmourAndEvasionAndLife2,LocalIncreasedArmourAndEvasionAndLife1,,,,,,,,Body Armour
BODY ARMOUR (STR/DEX),PREFIX,"# to Armour, # to Evasion Rating",LocalBaseArmourAndEvasionRating8,LocalBaseArmourAndEvasionRating7,LocalBaseArmourAndEvasionRating6_,LocalBaseArmourAndEvasionRating5,LocalBaseArmourAndEvasionRating4,LocalBaseArmourAndEvasionRating3,LocalBaseArmourAndEvasionRating2,LocalBaseArmourAndEvasionRating1,,,,,,Body Armour
BODY ARMOUR (STR/DEX),PREFIX,# to maximum Life,IncreasedLife13,IncreasedLife12,IncreasedLife11,IncreasedLife10,IncreasedLife9,IncreasedLife8,IncreasedLife7,IncreasedLife6,IncreasedLife5,IncreasedLife4,IncreasedLife3,IncreasedLife2,IncreasedLife1,Body Armour
BODY ARMOUR (STR/DEX),PREFIX,# to Spirit,IncreasedSpirit8,IncreasedSpirit7,IncreasedSpirit6,IncreasedSpirit5,IncreasedSpirit4,IncreasedSpirit3,IncreasedSpirit2,IncreasedSpirit1,,,,,,Body Armour
BODY ARMOUR (STR/DEX),SUFFIX,# Life Regeneration per second,LifeRegeneration11____,LifeRegeneration10__,LifeRegeneration9,LifeRegeneration8_,LifeRegeneration7,LifeRegeneration6,LifeRegeneration5,LifeRegeneration4,LifeRegeneration3,LifeRegeneration2,LifeRegeneration1,,,Body Armour
BODY ARMOUR (STR/DEX),SUFFIX,#% reduced Attribute Requirements,ReducedLocalAttributeRequirements5,ReducedLocalAttributeRequirements4,ReducedLocalAttributeRequirements3,ReducedLocalAttributeRequirements2,ReducedLocalAttributeRequirements1,,,,,,,,,Body Armour
BODY ARMOUR (STR/DEX),SUFFIX,#% reduced Duration of Bleeding on You,ReducedBleedDuration5,ReducedBleedDuration4,ReducedBleedDuration3,ReducedBleedDuration2,ReducedBleedDuration1,,,,,,,,,Body Armour
BODY ARMOUR (STR/DEX),SUFFIX,#% reduced Ignite Duration on you,ReducedBurnDuration5,ReducedBurnDuration4,ReducedBurnDuration3,ReducedBurnDuration2,ReducedBurnDuration1,,,,,,,,,Body Armour
BODY ARMOUR (STR/DEX),SUFFIX,#% reduced Poison Duration on you,ReducedPoisonDuration5,ReducedPoisonDuration4,ReducedPoisonDuration3,ReducedPoisonDuration2,ReducedPoisonDuration1,,,,,,,,,Body Armour
BODY ARMOUR (STR/DEX),SUFFIX,# to Dexterity,Dexterity8,Dexterity7,Dexterity6,Dexterity5,Dexterity4,Dexterity3,Dexterity2,Dexterity1,,,,,,Body Armour
BODY ARMOUR (STR/DEX),SUFFIX,# to Strength,Strength8,Strength7,Strength6,Strength5,Strength4,Strength3,Strength2,Strength1,,,,,,Body Armour
BODY ARMOUR (STR/DEX),SUFFIX,# to Stun Threshold,StunThreshold10,StunThreshold9,StunThreshold8,StunThreshold7,StunThreshold6,StunThreshold5,StunThreshold4,StunThreshold3,StunThreshold2,StunThreshold1,,,,Body Armour
BODY ARMOUR (STR/DEX),SUFFIX,#% to Chaos Resistance,ChaosResist6,ChaosResist5,ChaosResist4,ChaosResist3,ChaosResist2,ChaosResist1,,,,,,,,Body Armour
BODY ARMOUR (STR/DEX),SUFFIX,#% to Cold Resistance,ColdResist8,ColdResist7,ColdResist6,ColdResist5,ColdResist4,ColdResist3,ColdResist2,ColdResist1,,,,,,Body Armour
BODY ARMOUR (STR/DEX),SUFFIX,#% to Fire Resistance,FireResist8,FireResist7,FireResist6,FireResist5,FireResist4,FireResist3,FireResist2,FireResist1,,,,,,Body Armour
BODY ARMOUR (STR/DEX),SUFFIX,#% to Lightning Resistance,LightningResist8,LightningResist7,LightningResist6,LightningResist5,LightningResist4,LightningResist3,LightningResist2,LightningResist1,,,,,,Body Armour
BODY ARMOUR (STR/DEX),SUFFIX,#% of Armour also applies to Elemental Damage,ArmourAppliesToElementalDamage6,ArmourAppliesToElementalDamage5,ArmourAppliesToElementalDamage4,ArmourAppliesToElementalDamage3,ArmourAppliesToElementalDamage2,ArmourAppliesToElementalDamage1,,,,,,,,Body Armour
BODY ARMOUR (STR/DEX),SUFFIX,Gain Deflection Rating equal to #% of Evasion Rating,EvasionGrantsDeflection6,EvasionGrantsDeflection5,EvasionGrantsDeflection4,EvasionGrantsDeflection3,EvasionGrantsDeflection2,EvasionGrantsDeflection1,,,,,,,,Body Armour
SHIELD (STR),PREFIX,# to # Physical Thorns damage,AttackerTakesDamage7,AttackerTakesDamage6,AttackerTakesDamage5,AttackerTakesDamage4,AttackerTakesDamage3,AttackerTakesDamage2,AttackerTakesDamage1,,,,,,,Shield
SHIELD (STR),PREFIX,#% increased Armour,LocalIncreasedPhysicalDamageReductionRatingPercent8_,LocalIncreasedPhysicalDamageReductionRatingPercent7,LocalIncreasedPhysicalDamageReductionRatingPercent6,LocalIncreasedPhysicalDamageReductionRatingPercent5,LocalIncreasedPhysicalDamageReductionRatingPercent4,LocalIncreasedPhysicalDamageReductionRatingPercent3,LocalIncreasedPhysicalDamageReductionRatingPercent2,LocalIncreasedPhysicalDamageReductionRatingPercent1,,,,,,Shield
SHIELD (STR),PREFIX,"#% increased Armour, # to Stun Threshold",LocalArmourAndStunThreshold6,LocalArmourAndStunThreshold5,LocalArmourAndStunThreshold4,LocalArmourAndStunThreshold3,LocalArmourAndStunThreshold2,LocalArmourAndStunThreshold1,,,,,,,,Shield
SHIELD (STR),PREFIX,#% increased Block chance,LocalBlockChance3,LocalBlockChance2,LocalBlockChance1,,,,,,,,,,,Shield
SHIELD (STR),PREFIX,# to Armour,LocalIncreasedPhysicalDamageReductionRating10,LocalIncreasedPhysicalDamageReductionRating9_,LocalIncreasedPhysicalDamageReductionRating8,LocalIncreasedPhysicalDamageReductionRating7__,LocalIncreasedPhysicalDamageReductionRating6,LocalIncreasedPhysicalDamageReductionRating5,LocalIncreasedPhysicalDamageReductionRating4,LocalIncreasedPhysicalDamageReductionRating3,LocalIncreasedPhysicalDamageReductionRating2,LocalIncreasedPhysicalDamageReductionRating1,,,,Shield
SHIELD (STR),PREFIX,# to maximum Life,IncreasedLife11,IncreasedLife10,IncreasedLife9,IncreasedLife8,IncreasedLife7,IncreasedLife6,IncreasedLife5,IncreasedLife4,IncreasedLife3,IncreasedLife2,IncreasedLife1,,,Shield
SHIELD (STR),SUFFIX,#% additional Physical Damage Reduction,AdditionalPhysicalDamageReduction5_,AdditionalPhysicalDamageReduction4,AdditionalPhysicalDamageReduction3,AdditionalPhysicalDamageReduction2,AdditionalPhysicalDamageReduction1,,,,,,,,,Shield
SHIELD (STR),SUFFIX,#% reduced Attribute Requirements,ReducedLocalAttributeRequirements5,ReducedLocalAttributeRequirements4,ReducedLocalAttributeRequirements3,ReducedLocalAttributeRequirements2,ReducedLocalAttributeRequirements1,,,,,,,,,Shield
SHIELD (STR),SUFFIX,# to Strength,Strength8,Strength7,Strength6,Strength5,Strength4,Strength3,Strength2,Strength1,,,,,,Shield
SHIELD (STR),SUFFIX,# to Stun Threshold,StunThreshold10,StunThreshold9,StunThreshold8,StunThreshold7,StunThreshold6,StunThreshold5,StunThreshold4,StunThreshold3,StunThreshold2,StunThreshold1,,,,Shield
SHIELD (STR),SUFFIX,#% to all Maximum Elemental Resistances,MaximumElementalResistance2,MaximumElementalResistance1,,,,,,,,,,,,Shield
SHIELD (STR),SUFFIX,#% to Chaos Resistance,ChaosResist6,ChaosResist5,ChaosResist4,ChaosResist3,ChaosResist2,ChaosResist1,,,,,,,,Shield
SHIELD (STR),SUFFIX,#% to Cold Resistance,ColdResist8,ColdResist7,ColdResist6,ColdResist5,ColdResist4,ColdResist3,ColdResist2,ColdResist1,,,,,,Shield
SHIELD (STR),SUFFIX,#% to Fire Resistance,FireResist8,FireResist7,FireResist6,FireResist5,FireResist4,FireResist3,FireResist2,FireResist1,,,,,,Shield
SHIELD (STR),SUFFIX,#% to Lightning Resistance,LightningResist8,LightningResist7,LightningResist6,LightningResist5,LightningResist4,LightningResist3,LightningResist2,LightningResist1,,,,,,Shield
SHIELD (STR),SUFFIX,#% to Maximum Chaos Resistance,MaximumChaosResist3,MaximumChaosResist2_,MaximumChaosResist1,,,,,,,,,,,Shield
SHIELD (STR),SUFFIX,#% to Maximum Cold Resistance,MaximumColdResist3,MaximumColdResist2,MaximumColdResist1,,,,,,,,,,,Shield
SHIELD (STR),SUFFIX,#% to Maximum Fire Resistance,MaximumFireResist3,MaximumFireResist2_,MaximumFireResist1,,,,,,,,,,,Shield
SHIELD (STR),SUFFIX,#% to Maximum Lightning Resistance,MaximumLightningResist3,MaximumLightningResist2___,MaximumLightningResist1,,,,,,,,,,,Shield
SHIELD (STR),SUFFIX,#% of Armour also applies to Elemental Damage,ArmourAppliesToElementalDamage6,ArmourAppliesToElementalDamage5,ArmourAppliesToElementalDamage4,ArmourAppliesToElementalDamage3,ArmourAppliesToElementalDamage2,ArmourAppliesToElementalDamage1,,,,,,,,Shield
BUCKLER,PREFIX,# to # Physical Thorns damage,AttackerTakesDamage7,AttackerTakesDamage6,AttackerTakesDamage5,AttackerTakesDamage4,AttackerTakesDamage3,AttackerTakesDamage2,AttackerTakesDamage1,,,,,,,Buckler
BUCKLER,PREFIX,#% increased Block chance,LocalBlockChance3,LocalBlockChance2,LocalBlockChance1,,,,,,,,,,,Buckler
BUCKLER,PREFIX,#% increased Evasion Rating,LocalIncreasedEvasionRatingPercent8,LocalIncreasedEvasionRatingPercent7,LocalIncreasedEvasionRatingPercent6,LocalIncreasedEvasionRatingPercent5,LocalIncreasedEvasionRatingPercent4,LocalIncreasedEvasionRatingPercent3,LocalIncreasedEvasionRatingPercent2,LocalIncreasedEvasionRatingPercent1,,,,,,Buckler
BUCKLER,PREFIX,"#% increased Evasion Rating, # to Stun Threshold",LocalEvasionAndStunThreshold6,LocalEvasionAndStunThreshold5,LocalEvasionAndStunThreshold4,LocalEvasionAndStunThreshold3,LocalEvasionAndStunThreshold2,LocalEvasionAndStunThreshold1,,,,,,,,Buckler
BUCKLER,PREFIX,# to Evasion Rating,LocalIncreasedEvasionRating10,LocalIncreasedEvasionRating9___,LocalIncreasedEvasionRating8,LocalIncreasedEvasionRating7_,LocalIncreasedEvasionRating6,LocalIncreasedEvasionRating5,LocalIncreasedEvasionRating4,LocalIncreasedEvasionRating3,LocalIncreasedEvasionRating2,LocalIncreasedEvasionRating1,,,,Buckler
BUCKLER,PREFIX,# to maximum Life,IncreasedLife11,IncreasedLife10,IncreasedLife9,IncreasedLife8,IncreasedLife7,IncreasedLife6,IncreasedLife5,IncreasedLife4,IncreasedLife3,IncreasedLife2,IncreasedLife1,,,Buckler
BUCKLER,SUFFIX,#% reduced Attribute Requirements,ReducedLocalAttributeRequirements5,ReducedLocalAttributeRequirements4,ReducedLocalAttributeRequirements3,ReducedLocalAttributeRequirements2,ReducedLocalAttributeRequirements1,,,,,,,,,Buckler
BUCKLER,SUFFIX,# to Dexterity,Dexterity8,Dexterity7,Dexterity6,Dexterity5,Dexterity4,Dexterity3,Dexterity2,Dexterity1,,,,,,Buckler
BUCKLER,SUFFIX,# to Stun Threshold,StunThreshold10,StunThreshold9,StunThreshold8,StunThreshold7,StunThreshold6,StunThreshold5,StunThreshold4,StunThreshold3,StunThreshold2,StunThreshold1,,,,Buckler
BUCKLER,SUFFIX,#% to all Maximum Elemental Resistances,MaximumElementalResistance2,MaximumElementalResistance1,,,,,,,,,,,,Buckler
BUCKLER,SUFFIX,#% to Chaos Resistance,ChaosResist6,ChaosResist5,ChaosResist4,ChaosResist3,ChaosResist2,ChaosResist1,,,,,,,,Buckler
BUCKLER,SUFFIX,#% to Cold Resistance,ColdResist8,ColdResist7,ColdResist6,ColdResist5,ColdResist4,ColdResist3,ColdResist2,ColdResist1,,,,,,Buckler
BUCKLER,SUFFIX,#% to Fire Resistance,FireResist8,FireResist7,FireResist6,FireResist5,FireResist4,FireResist3,FireResist2,FireResist1,,,,,,Buckler
BUCKLER,SUFFIX,#% to Lightning Resistance,LightningResist8,LightningResist7,LightningResist6,LightningResist5,LightningResist4,LightningResist3,LightningResist2,LightningResist1,,,,,,Buckler
BUCKLER,SUFFIX,#% to Maximum Chaos Resistance,MaximumChaosResist3,MaximumChaosResist2_,MaximumChaosResist1,,,,,,,,,,,Buckler
BUCKLER,SUFFIX,#% to Maximum Cold Resistance,MaximumColdResist3,MaximumColdResist2,MaximumColdResist1,,,,,,,,,,,Buckler
BUCKLER,SUFFIX,#% to Maximum Fire Resistance,MaximumFireResist3,MaximumFireResist2_,MaximumFireResist1,,,,,,,,,,,Buckler
BUCKLER,SUFFIX,#% to Maximum Lightning Resistance,MaximumLightningResist3,MaximumLightningResist2___,MaximumLightningResist1,,,,,,,,,,,Buckler
BUCKLER,SUFFIX,Gain Deflection Rating equal to #% of Evasion Rating,EvasionGrantsDeflection6,EvasionGrantsDeflection5,EvasionGrantsDeflection4,EvasionGrantsDeflection3,EvasionGrantsDeflection2,EvasionGrantsDeflection1,,,,,,,,Buckler
SHIELD (STR/INT),PREFIX,# to # Physical Thorns damage,AttackerTakesDamage7,AttackerTakesDamage6,AttackerTakesDamage5,AttackerTakesDamage4,AttackerTakesDamage3,AttackerTakesDamage2,AttackerTakesDamage1,,,,,,,Shield
SHIELD (STR/INT),PREFIX,#% increased Armour and Energy Shield,LocalIncreasedArmourAndEnergyShield8,LocalIncreasedArmourAndEnergyShield7,LocalIncreasedArmourAndEnergyShield6,LocalIncreasedArmourAndEnergyShield5,LocalIncreasedArmourAndEnergyShield4,LocalIncreasedArmourAndEnergyShield3,LocalIncreasedArmourAndEnergyShield2,LocalIncreasedArmourAndEnergyShield1,,,,,,Shield
SHIELD (STR/INT),PREFIX,"#% increased Armour and Energy Shield, # to Stun Threshold",LocalArmourAndEnergyShieldAndStunThreshold6,LocalArmourAndEnergyShieldAndStunThreshold5,LocalArmourAndEnergyShieldAndStunThreshold4,LocalArmourAndEnergyShieldAndStunThreshold3,LocalArmourAndEnergyShieldAndStunThreshold2,LocalArmourAndEnergyShieldAndStunThreshold1,,,,,,,,Shield
SHIELD (STR/INT),PREFIX,#% increased Block chance,LocalBlockChance3,LocalBlockChance2,LocalBlockChance1,,,,,,,,,,,Shield
SHIELD (STR/INT),PREFIX,"# to Armour, # to maximum Energy Shield",LocalBaseArmourAndEnergyShield7,LocalBaseArmourAndEnergyShield6,LocalBaseArmourAndEnergyShield5,LocalBaseArmourAndEnergyShield4,LocalBaseArmourAndEnergyShield3,LocalBaseArmourAndEnergyShield2_,LocalBaseArmourAndEnergyShield1,,,,,,,Shield
SHIELD (STR/INT),PREFIX,# to maximum Life,IncreasedLife11,IncreasedLife10,IncreasedLife9,IncreasedLife8,IncreasedLife7,IncreasedLife6,IncreasedLife5,IncreasedLife4,IncreasedLife3,IncreasedLife2,IncreasedLife1,,,Shield
SHIELD (STR/INT),SUFFIX,#% reduced Attribute Requirements,ReducedLocalAttributeRequirements5,ReducedLocalAttributeRequirements4,ReducedLocalAttributeRequirements3,ReducedLocalAttributeRequirements2,ReducedLocalAttributeRequirements1,,,,,,,,,Shield
SHIELD (STR/INT),SUFFIX,# to Intelligence,Intelligence8,Intelligence7,Intelligence6,Intelligence5,Intelligence4,Intelligence3,Intelligence2,Intelligence1,,,,,,Shield
SHIELD (STR/INT),SUFFIX,# to Strength,Strength8,Strength7,Strength6,Strength5,Strength4,Strength3,Strength2,Strength1,,,,,,Shield
SHIELD (STR/INT),SUFFIX,# to Stun Threshold,StunThreshold10,StunThreshold9,StunThreshold8,StunThreshold7,StunThreshold6,StunThreshold5,StunThreshold4,StunThreshold3,StunThreshold2,StunThreshold1,,,,Shield
SHIELD (STR/INT),SUFFIX,#% to all Elemental Resistances,AllResistances6,AllResistances5,AllResistances4,AllResistances3,AllResistances2,AllResistances1,,,,,,,,Shield
SHIELD (STR/INT),SUFFIX,#% to all Maximum Elemental Resistances,MaximumElementalResistance2,MaximumElementalResistance1,,,,,,,,,,,,Shield
SHIELD (STR/INT),SUFFIX,#% to Chaos Resistance,ChaosResist6,ChaosResist5,ChaosResist4,ChaosResist3,ChaosResist2,ChaosResist1,,,,,,,,Shield
SHIELD (STR/INT),SUFFIX,#% to Cold Resistance,ColdResist8,ColdResist7,ColdResist6,ColdResist5,ColdResist4,ColdResist3,ColdResist2,ColdResist1,,,,,,Shield
SHIELD (STR/INT),SUFFIX,#% to Fire Resistance,FireResist8,FireResist7,FireResist6,FireResist5,FireResist4,FireResist3,FireResist2,FireResist1,,,,,,Shield
SHIELD (STR/INT),SUFFIX,#% to Lightning Resistance,LightningResist8,LightningResist7,LightningResist6,LightningResist5,LightningResist4,LightningResist3,LightningResist2,LightningResist1,,,,,,Shield
SHIELD (STR/INT),SUFFIX,#% to Maximum Chaos Resistance,MaximumChaosResist3,MaximumChaosResist2_,MaximumChaosResist1,,,,,,,,,,,Shield
SHIELD (STR/INT),SUFFIX,#% to Maximum Cold Resistance,MaximumColdResist3,MaximumColdResist2,MaximumColdResist1,,,,,,,,,,,Shield
SHIELD (STR/INT),SUFFIX,#% to Maximum Fire Resistance,MaximumFireResist3,MaximumFireResist2_,MaximumFireResist1,,,,,,,,,,,Shield
SHIELD (STR/INT),SUFFIX,#% to Maximum Lightning Resistance,MaximumLightningResist3,MaximumLightningResist2___,MaximumLightningResist1,,,,,,,,,,,Shield
SHIELD (STR/INT),SUFFIX,#% increased Energy Shield Recharge Rate,EnergyShieldRechargeRate6,EnergyShieldRechargeRate5______,EnergyShieldRechargeRate4,EnergyShieldRechargeRate3,EnergyShieldRechargeRate2,EnergyShieldRechargeRate1,,,,,,,,Shield
SHIELD (STR/INT),SUFFIX,#% of Armour also applies to Elemental Damage,ArmourAppliesToElementalDamage6,ArmourAppliesToElementalDamage5,ArmourAppliesToElementalDamage4,ArmourAppliesToElementalDamage3,ArmourAppliesToElementalDamage2,ArmourAppliesToElementalDamage1,,,,,,,,Shield
SHIELD (STR/DEX),PREFIX,# to # Physical Thorns damage,AttackerTakesDamage7,AttackerTakesDamage6,AttackerTakesDamage5,AttackerTakesDamage4,AttackerTakesDamage3,AttackerTakesDamage2,AttackerTakesDamage1,,,,,,,Shield
SHIELD (STR/DEX),PREFIX,#% increased Armour and Evasion,LocalIncreasedArmourAndEvasion8,LocalIncreasedArmourAndEvasion7,LocalIncreasedArmourAndEvasion6,LocalIncreasedArmourAndEvasion5,LocalIncreasedArmourAndEvasion4,LocalIncreasedArmourAndEvasion3,LocalIncreasedArmourAndEvasion2,LocalIncreasedArmourAndEvasion1,,,,,,Shield
SHIELD (STR/DEX),PREFIX,"#% increased Armour and Evasion, # to Stun Threshold",LocalArmourAndEvasionAndStunThreshold6,LocalArmourAndEvasionAndStunThreshold5,LocalArmourAndEvasionAndStunThreshold4,LocalArmourAndEvasionAndStunThreshold3,LocalArmourAndEvasionAndStunThreshold2,LocalArmourAndEvasionAndStunThreshold1,,,,,,,,Shield
SHIELD (STR/DEX),PREFIX,#% increased Block chance,LocalBlockChance3,LocalBlockChance2,LocalBlockChance1,,,,,,,,,,,Shield
SHIELD (STR/DEX),PREFIX,"# to Armour, # to Evasion Rating",LocalBaseArmourAndEvasionRating7,LocalBaseArmourAndEvasionRating6_,LocalBaseArmourAndEvasionRating5,LocalBaseArmourAndEvasionRating4,LocalBaseArmourAndEvasionRating3,LocalBaseArmourAndEvasionRating2,LocalBaseArmourAndEvasionRating1,,,,,,,Shield
SHIELD (STR/DEX),PREFIX,# to maximum Life,IncreasedLife11,IncreasedLife10,IncreasedLife9,IncreasedLife8,IncreasedLife7,IncreasedLife6,IncreasedLife5,IncreasedLife4,IncreasedLife3,IncreasedLife2,IncreasedLife1,,,Shield
SHIELD (STR/DEX),SUFFIX,#% reduced Attribute Requirements,ReducedLocalAttributeRequirements5,ReducedLocalAttributeRequirements4,ReducedLocalAttributeRequirements3,ReducedLocalAttributeRequirements2,ReducedLocalAttributeRequirements1,,,,,,,,,Shield
SHIELD (STR/DEX),SUFFIX,# to Dexterity,Dexterity8,Dexterity7,Dexterity6,Dexterity5,Dexterity4,Dexterity3,Dexterity2,Dexterity1,,,,,,Shield
SHIELD (STR/DEX),SUFFIX,# to Strength,Strength8,Strength7,Strength6,Strength5,Strength4,Strength3,Strength2,Strength1,,,,,,Shield
SHIELD (STR/DEX),SUFFIX,# to Stun Threshold,StunThreshold10,StunThreshold9,StunThreshold8,StunThreshold7,StunThreshold6,StunThreshold5,StunThreshold4,StunThreshold3,StunThreshold2,StunThreshold1,,,,Shield
SHIELD (STR/DEX),SUFFIX,#% to all Maximum Elemental Resistances,MaximumElementalResistance2,MaximumElementalResistance1,,,,,,,,,,,,Shield
SHIELD (STR/DEX),SUFFIX,#% to Chaos Resistance,ChaosResist6,ChaosResist5,ChaosResist4,ChaosResist3,ChaosResist2,ChaosResist1,,,,,,,,Shield
SHIELD (STR/DEX),SUFFIX,#% to Cold Resistance,ColdResist8,ColdResist7,ColdResist6,ColdResist5,ColdResist4,ColdResist3,ColdResist2,ColdResist1,,,,,,Shield
SHIELD (STR/DEX),SUFFIX,#% to Fire Resistance,FireResist8,FireResist7,FireResist6,FireResist5,FireResist4,FireResist3,FireResist2,FireResist1,,,,,,Shield
SHIELD (STR/DEX),SUFFIX,#% to Lightning Resistance,LightningResist8,LightningResist7,LightningResist6,LightningResist5,LightningResist4,LightningResist3,LightningResist2,LightningResist1,,,,,,Shield
SHIELD (STR/DEX),SUFFIX,#% to Maximum Chaos Resistance,MaximumChaosResist3,MaximumChaosResist2_,MaximumChaosResist1,,,,,,,,,,,Shield
SHIELD (STR/DEX),SUFFIX,#% to Maximum Cold Resistance,MaximumColdResist3,MaximumColdResist2,MaximumColdResist1,,,,,,,,,,,Shield
SHIELD (STR/DEX),SUFFIX,#% to Maximum Fire Resistance,MaximumFireResist3,MaximumFireResist2_,MaximumFireResist1,,,,,,,,,,,Shield
SHIELD (STR/DEX),SUFFIX,#% to Maximum Lightning Resistance,MaximumLightningResist3,MaximumLightningResist2___,MaximumLightningResist1,,,,,,,,,,,Shield
SHIELD (STR/DEX),SUFFIX,Hits against you have #% reduced Critical Damage Bonus,ReducedExtraDamageFromCrits5,ReducedExtraDamageFromCrits4__,ReducedExtraDamageFromCrits3,ReducedExtraDamageFromCrits2__,ReducedExtraDamageFromCrits1___,,,,,,,,,Shield
SHIELD (STR/DEX),SUFFIX,#% of Armour also applies to Elemental Damage,ArmourAppliesToElementalDamage6,ArmourAppliesToElementalDamage5,ArmourAppliesToElementalDamage4,ArmourAppliesToElementalDamage3,ArmourAppliesToElementalDamage2,ArmourAppliesToElementalDamage1,,,,,,,,Shield
SHIELD (STR/DEX),SUFFIX,Gain Deflection Rating equal to #% of Evasion Rating,EvasionGrantsDeflection6,EvasionGrantsDeflection5,EvasionGrantsDeflection4,EvasionGrantsDeflection3,EvasionGrantsDeflection2,EvasionGrantsDeflection1,,,,,,,,Shield
BELT,PREFIX,# to # Physical Thorns damage,AttackerTakesDamage7,AttackerTakesDamage6,AttackerTakesDamage5,AttackerTakesDamage4,AttackerTakesDamage3,AttackerTakesDamage2,AttackerTakesDamage1,,,,,,,Belt
BELT,PREFIX,#% increased Charm Effect Duration,BeltIncreasedCharmDuration5,BeltIncreasedCharmDuration4,BeltIncreasedCharmDuration3,BeltIncreasedCharmDuration2,BeltIncreasedCharmDuration1,,,,,,,,,Belt
BELT,PREFIX,#% increased Flask Life Recovery rate,BeltFlaskLifeRecoveryRate6,BeltFlaskLifeRecoveryRate5,BeltFlaskLifeRecoveryRate4,BeltFlaskLifeRecoveryRate3_,BeltFlaskLifeRecoveryRate2,BeltFlaskLifeRecoveryRate1,,,,,,,,Belt
BELT,PREFIX,#% increased Flask Mana Recovery rate,BeltFlaskManaRecoveryRate6,BeltFlaskManaRecoveryRate5,BeltFlaskManaRecoveryRate4__,BeltFlaskManaRecoveryRate3_,BeltFlaskManaRecoveryRate2,BeltFlaskManaRecoveryRate1_,,,,,,,,Belt
BELT,PREFIX,# to Armour,IncreasedPhysicalDamageReductionRating10,IncreasedPhysicalDamageReductionRating9,IncreasedPhysicalDamageReductionRating8_,IncreasedPhysicalDamageReductionRating7,IncreasedPhysicalDamageReductionRating6,IncreasedPhysicalDamageReductionRating5,IncreasedPhysicalDamageReductionRating4,IncreasedPhysicalDamageReductionRating3,IncreasedPhysicalDamageReductionRating2,IncreasedPhysicalDamageReductionRating1,,,,Belt
BELT,PREFIX,# to maximum Life,IncreasedLife10,IncreasedLife9,IncreasedLife8,IncreasedLife7,IncreasedLife6,IncreasedLife5,IncreasedLife4,IncreasedLife3,IncreasedLife2,IncreasedLife1,,,,Belt
BELT,PREFIX,# to maximum Mana,IncreasedMana9,IncreasedMana8,IncreasedMana7,IncreasedMana6,IncreasedMana5,IncreasedMana4,IncreasedMana3,IncreasedMana2,IncreasedMana1,,,,,Belt
BELT,SUFFIX,# Life Regeneration per second,LifeRegeneration9,LifeRegeneration8_,LifeRegeneration7,LifeRegeneration6,LifeRegeneration5,LifeRegeneration4,LifeRegeneration3,LifeRegeneration2,LifeRegeneration1,,,,,Belt
BELT,SUFFIX,#% increased Charm Charges gained,BeltIncreasedCharmChargesGained6,BeltIncreasedCharmChargesGained5,BeltIncreasedCharmChargesGained4,BeltIncreasedCharmChargesGained3,BeltIncreasedCharmChargesGained2,BeltIncreasedCharmChargesGained1,,,,,,,,Belt
BELT,SUFFIX,#% increased Flask Charges gained,BeltIncreasedFlaskChargesGained6,BeltIncreasedFlaskChargesGained5_,BeltIncreasedFlaskChargesGained4,BeltIncreasedFlaskChargesGained3_____,BeltIncreasedFlaskChargesGained2,BeltIncreasedFlaskChargesGained1,,,,,,,,Belt
BELT,SUFFIX,#% reduced Charm Charges used,BeltReducedCharmChargesUsed6,BeltReducedCharmChargesUsed5,BeltReducedCharmChargesUsed4,BeltReducedCharmChargesUsed3,BeltReducedCharmChargesUsed2,BeltReducedCharmChargesUsed1,,,,,,,,Belt
BELT,SUFFIX,#% reduced Flask Charges used,BeltReducedFlaskChargesUsed6,BeltReducedFlaskChargesUsed5,BeltReducedFlaskChargesUsed4,BeltReducedFlaskChargesUsed3,BeltReducedFlaskChargesUsed2,BeltReducedFlaskChargesUsed1,,,,,,,,Belt
BELT,SUFFIX,# to Strength,Strength9,Strength8,Strength7,Strength6,Strength5,Strength4,Strength3,Strength2,Strength1,,,,,Belt
BELT,SUFFIX,# to Stun Threshold,StunThreshold10,StunThreshold9,StunThreshold8,StunThreshold7,StunThreshold6,StunThreshold5,StunThreshold4,StunThreshold3,StunThreshold2,StunThreshold1,,,,Belt
BELT,SUFFIX,#% to Chaos Resistance,ChaosResist6,ChaosResist5,ChaosResist4,ChaosResist3,ChaosResist2,ChaosResist1,,,,,,,,Belt
BELT,SUFFIX,#% to Cold Resistance,ColdResist8,ColdResist7,ColdResist6,ColdResist5,ColdResist4,ColdResist3,ColdResist2,ColdResist1,,,,,,Belt
BELT,SUFFIX,#% to Fire Resistance,FireResist8,FireResist7,FireResist6,FireResist5,FireResist4,FireResist3,FireResist2,FireResist1,,,,,,Belt
BELT,SUFFIX,#% to Lightning Resistance,LightningResist8,LightningResist7,LightningResist6,LightningResist5,LightningResist4,LightningResist3,LightningResist2,LightningResist1,,,,,,Belt
RING,PREFIX,#% increased Chaos Damage,ChaosDamagePercent6,ChaosDamagePercent5,ChaosDamagePercent4,ChaosDamagePercent3,ChaosDamagePercent2,ChaosDamagePercent1,,,,,,,,Ring
RING,PREFIX,#% increased Cold Damage,ColdDamagePercent6,ColdDamagePercent5,ColdDamagePercent4,ColdDamagePercent3,ColdDamagePercent2,ColdDamagePercent1,,,,,,,,Ring
RING,PREFIX,#% increased Fire Damage,FireDamagePercent6,FireDamagePercent5,FireDamagePercent4,FireDamagePercent3,FireDamagePercent2,FireDamagePercent1,,,,,,,,Ring
RING,PREFIX,#% increased Lightning Damage,LightningDamagePercent6,LightningDamagePercent5,LightningDamagePercent4,LightningDamagePercent3,LightningDamagePercent2,LightningDamagePercent1,,,,,,,,Ring
RING,PREFIX,#% increased Rarity of Items found,ItemFoundRarityIncreasePrefix3,ItemFoundRarityIncreasePrefix2,ItemFoundRarityIncreasePrefix1,,,,,,,,,,,Ring
RING,PREFIX,# to Accuracy Rating,IncreasedAccuracy8,IncreasedAccuracy7,IncreasedAccuracy6,IncreasedAccuracy5,IncreasedAccuracy4,IncreasedAccuracy3,IncreasedAccuracy2,IncreasedAccuracy1,,,,,,Ring
RING,PREFIX,# to Evasion Rating,IncreasedEvasionRating9,IncreasedEvasionRating8,IncreasedEvasionRating7,IncreasedEvasionRating6,IncreasedEvasionRating5,IncreasedEvasionRating4,IncreasedEvasionRating3,IncreasedEvasionRating2,IncreasedEvasionRating1,,,,,Ring
RING,PREFIX,# to maximum Life,IncreasedLife8,IncreasedLife7,IncreasedLife6,IncreasedLife5,IncreasedLife4,IncreasedLife3,IncreasedLife2,IncreasedLife1,,,,,,Ring
RING,PREFIX,# to maximum Mana,IncreasedMana12,IncreasedMana11,IncreasedMana10,IncreasedMana9,IncreasedMana8,IncreasedMana7,IncreasedMana6,IncreasedMana5,IncreasedMana4,IncreasedMana3,IncreasedMana2,IncreasedMana1,,Ring
RING,PREFIX,Adds # to # Cold damage to Attacks,AddedColdDamage9,AddedColdDamage8,AddedColdDamage7,AddedColdDamage6,AddedColdDamage5,AddedColdDamage4,AddedColdDamage3,AddedColdDamage2,AddedColdDamage1,,,,,Ring
RING,PREFIX,Adds # to # Fire damage to Attacks,AddedFireDamage9,AddedFireDamage8,AddedFireDamage7,AddedFireDamage6,AddedFireDamage5,AddedFireDamage4,AddedFireDamage3,AddedFireDamage2,AddedFireDamage1,,,,,Ring
RING,PREFIX,Adds # to # Lightning damage to Attacks,AddedLightningDamage9,AddedLightningDamage8,AddedLightningDamage7,AddedLightningDamage6,AddedLightningDamage5,AddedLightningDamage4,AddedLightningDamage3,AddedLightningDamage2,AddedLightningDamage1,,,,,Ring
RING,PREFIX,Adds # to # Physical Damage to Attacks,AddedPhysicalDamage9,AddedPhysicalDamage8,AddedPhysicalDamage7,AddedPhysicalDamage6,AddedPhysicalDamage5,AddedPhysicalDamage4,AddedPhysicalDamage3,AddedPhysicalDamage2,AddedPhysicalDamage1,,,,,Ring
RING,SUFFIX,# Life Regeneration per second,LifeRegeneration7,LifeRegeneration6,LifeRegeneration5,LifeRegeneration4,LifeRegeneration3,LifeRegeneration2,LifeRegeneration1,,,,,,,Ring
RING,SUFFIX,#% increased Cast Speed,IncreasedCastSpeed4,IncreasedCastSpeed3,IncreasedCastSpeed2,IncreasedCastSpeed1,,,,,,,,,,Ring
RING,SUFFIX,"#% increased Mana Regeneration Rate, #% increased Light Radius",LightRadiusAndManaRegeneration3,LightRadiusAndManaRegeneration2,LightRadiusAndManaRegeneration1,,,,,,,,,,,Ring
RING,SUFFIX,#% increased Mana Regeneration Rate,ManaRegeneration6,ManaRegeneration5,ManaRegeneration4,ManaRegeneration3,ManaRegeneration2,ManaRegeneration1,,,,,,,,Ring
RING,SUFFIX,#% increased Rarity of Items found,ItemFoundRarityIncrease3,ItemFoundRarityIncrease2,ItemFoundRarityIncrease1,,,,,,,,,,,Ring
RING,SUFFIX,# to all Attributes,AllAttributes4,AllAttributes3,AllAttributes2,AllAttributes1,,,,,,,,,,Ring
RING,SUFFIX,# to Dexterity,Dexterity8,Dexterity7,Dexterity6,Dexterity5,Dexterity4,Dexterity3,Dexterity2,Dexterity1,,,,,,Ring
RING,SUFFIX,# to Intelligence,Intelligence8,Intelligence7,Intelligence6,Intelligence5,Intelligence4,Intelligence3,Intelligence2,Intelligence1,,,,,,Ring
RING,SUFFIX,# to Strength,Strength8,Strength7,Strength6,Strength5,Strength4,Strength3,Strength2,Strength1,,,,,,Ring
RING,SUFFIX,#% to all Elemental Resistances,AllResistances5,AllResistances4,AllResistances3,AllResistances2,AllResistances1,,,,,,,,,Ring
RING,SUFFIX,#% to Chaos Resistance,ChaosResist6,ChaosResist5,ChaosResist4,ChaosResist3,ChaosResist2,ChaosResist1,,,,,,,,Ring
RING,SUFFIX,#% to Cold Resistance,ColdResist8,ColdResist7,ColdResist6,ColdResist5,ColdResist4,ColdResist3,ColdResist2,ColdResist1,,,,,,Ring
RING,SUFFIX,#% to Fire Resistance,FireResist8,FireResist7,FireResist6,FireResist5,FireResist4,FireResist3,FireResist2,FireResist1,,,,,,Ring
RING,SUFFIX,#% to Lightning Resistance,LightningResist8,LightningResist7,LightningResist6,LightningResist5,LightningResist4,LightningResist3,LightningResist2,LightningResist1,,,,,,Ring
RING,SUFFIX,Gain # Life per Enemy Killed,LifeGainedFromEnemyDeath6,LifeGainedFromEnemyDeath5,LifeGainedFromEnemyDeath4,LifeGainedFromEnemyDeath3,LifeGainedFromEnemyDeath2,LifeGainedFromEnemyDeath1,,,,,,,,Ring
RING,SUFFIX,Gain # Mana per Enemy Killed,ManaGainedFromEnemyDeath6,ManaGainedFromEnemyDeath5,ManaGainedFromEnemyDeath4,ManaGainedFromEnemyDeath3,ManaGainedFromEnemyDeath2,ManaGainedFromEnemyDeath1,,,,,,,,Ring
RING,SUFFIX,Leech #% of Physical Attack Damage as Life,LifeLeech3,LifeLeech2,LifeLeech1,,,,,,,,,,,Ring
RING,SUFFIX,Leech #% of Physical Attack Damage as Mana,ManaLeech3,ManaLeech2,ManaLeech1,,,,,,,,,,,Ring
SPEAR,PREFIX,#% increased Elemental Damage with Attacks,WeaponElementalDamage6_,WeaponElementalDamage5,WeaponElementalDamage4,WeaponElementalDamage3,WeaponElementalDamage2,WeaponElementalDamage1,,,,,,,,Spear
SPEAR,PREFIX,#% increased Physical Damage,LocalIncreasedPhysicalDamagePercent8,LocalIncreasedPhysicalDamagePercent7,LocalIncreasedPhysicalDamagePercent6,LocalIncreasedPhysicalDamagePercent5,LocalIncreasedPhysicalDamagePercent4,LocalIncreasedPhysicalDamagePercent3,LocalIncreasedPhysicalDamagePercent2,LocalIncreasedPhysicalDamagePercent1,,,,,,Spear
SPEAR,PREFIX,"#% increased Physical Damage, # to Accuracy Rating",LocalIncreasedPhysicalDamagePercentAndAccuracyRating8,LocalIncreasedPhysicalDamagePercentAndAccuracyRating7,LocalIncreasedPhysicalDamagePercentAndAccuracyRating6,LocalIncreasedPhysicalDamagePercentAndAccuracyRating5,LocalIncreasedPhysicalDamagePercentAndAccuracyRating4,LocalIncreasedPhysicalDamagePercentAndAccuracyRating3,LocalIncreasedPhysicalDamagePercentAndAccuracyRating2,LocalIncreasedPhysicalDamagePercentAndAccuracyRating1,,,,,,Spear
SPEAR,PREFIX,# to Accuracy Rating,LocalIncreasedAccuracy9_,LocalIncreasedAccuracy8,LocalIncreasedAccuracy7,LocalIncreasedAccuracy6,LocalIncreasedAccuracy5,LocalIncreasedAccuracy4,LocalIncreasedAccuracy3,LocalIncreasedAccuracy2,LocalIncreasedAccuracy1,,,,,Spear
SPEAR,PREFIX,Adds # to # Cold Damage,LocalAddedColdDamage10__,LocalAddedColdDamage9,LocalAddedColdDamage8,LocalAddedColdDamage7,LocalAddedColdDamage6,LocalAddedColdDamage5,LocalAddedColdDamage4,LocalAddedColdDamage3,LocalAddedColdDamage2,LocalAddedColdDamage1,,,,Spear
SPEAR,PREFIX,Adds # to # Fire Damage,LocalAddedFireDamage10_,LocalAddedFireDamage9,LocalAddedFireDamage8,LocalAddedFireDamage7,LocalAddedFireDamage6,LocalAddedFireDamage5,LocalAddedFireDamage4,LocalAddedFireDamage3,LocalAddedFireDamage2,LocalAddedFireDamage1,,,,Spear
SPEAR,PREFIX,Adds # to # Lightning Damage,LocalAddedLightningDamage10,LocalAddedLightningDamage9,LocalAddedLightningDamage8,LocalAddedLightningDamage7,LocalAddedLightningDamage6,LocalAddedLightningDamage5,LocalAddedLightningDamage4,LocalAddedLightningDamage3,LocalAddedLightningDamage2,LocalAddedLightningDamage1,,,,Spear
SPEAR,PREFIX,Adds # to # Physical Damage,LocalAddedPhysicalDamage9,LocalAddedPhysicalDamage8,LocalAddedPhysicalDamage7,LocalAddedPhysicalDamage6,LocalAddedPhysicalDamage5,LocalAddedPhysicalDamage4,LocalAddedPhysicalDamage3,LocalAddedPhysicalDamage2,LocalAddedPhysicalDamage1,,,,,Spear
SPEAR,SUFFIX,#% increased Attack Speed,LocalIncreasedAttackSpeed8,LocalIncreasedAttackSpeed7,LocalIncreasedAttackSpeed6,LocalIncreasedAttackSpeed5,LocalIncreasedAttackSpeed4,LocalIncreasedAttackSpeed3,LocalIncreasedAttackSpeed2,LocalIncreasedAttackSpeed1,,,,,,Spear
SPEAR,SUFFIX,"# to Accuracy Rating, #% increased Light Radius",LocalLightRadiusAndAccuracy3,LocalLightRadiusAndAccuracy2,LocalLightRadiusAndAccuracy1,,,,,,,,,,,Spear
SPEAR,SUFFIX,#% increased Stun Duration,StunDuration6,StunDuration5,StunDuration4,StunDuration3,StunDuration2,StunDuration1,,,,,,,,Spear
SPEAR,SUFFIX,#% reduced Attribute Requirements,ReducedLocalAttributeRequirements5,ReducedLocalAttributeRequirements4,ReducedLocalAttributeRequirements3,ReducedLocalAttributeRequirements2,ReducedLocalAttributeRequirements1,,,,,,,,,Spear
SPEAR,SUFFIX,# to Dexterity,Dexterity8,Dexterity7,Dexterity6,Dexterity5,Dexterity4,Dexterity3,Dexterity2,Dexterity1,,,,,,Spear
SPEAR,SUFFIX,# to Level of all Melee Skills,GlobalMeleeSkillGemLevelWeapon5,GlobalMeleeSkillGemLevelWeapon4,GlobalMeleeSkillGemLevelWeapon3,GlobalMeleeSkillGemLevelWeapon2,GlobalMeleeSkillGemLevelWeapon1,,,,,,,,,Spear
SPEAR,SUFFIX,# to Level of all Projectile Skills,GlobalProjectileSkillGemLevelWeapon5,GlobalProjectileSkillGemLevelWeapon4,GlobalProjectileSkillGemLevelWeapon3,GlobalProjectileSkillGemLevelWeapon2,GlobalProjectileSkillGemLevelWeapon1,,,,,,,,,Spear
SPEAR,SUFFIX,# to Strength,Strength8,Strength7,Strength6,Strength5,Strength4,Strength3,Strength2,Strength1,,,,,,Spear
SPEAR,SUFFIX,#% to Critical Damage Bonus,LocalCriticalMultiplier6,LocalCriticalMultiplier5,LocalCriticalMultiplier4,LocalCriticalMultiplier3,LocalCriticalMultiplier2,LocalCriticalMultiplier1,,,,,,,,Spear
SPEAR,SUFFIX,#% to Critical Hit Chance,LocalCriticalStrikeChance6,LocalCriticalStrikeChance5,LocalCriticalStrikeChance4,LocalCriticalStrikeChance3,LocalCriticalStrikeChance2,LocalCriticalStrikeChance1,,,,,,,,Spear
SPEAR,SUFFIX,Causes #% increased Stun Buildup,StunDamageIncrease6,StunDamageIncrease5,StunDamageIncrease4,StunDamageIncrease3,StunDamageIncrease2,StunDamageIncrease1,,,,,,,,Spear
SPEAR,SUFFIX,Gain # Life per Enemy Killed,LifeGainedFromEnemyDeath8,LifeGainedFromEnemyDeath7,LifeGainedFromEnemyDeath6,LifeGainedFromEnemyDeath5,LifeGainedFromEnemyDeath4,LifeGainedFromEnemyDeath3,LifeGainedFromEnemyDeath2,LifeGainedFromEnemyDeath1,,,,,,Spear
SPEAR,SUFFIX,Gain # Mana per Enemy Killed,ManaGainedFromEnemyDeath8,ManaGainedFromEnemyDeath7,ManaGainedFromEnemyDeath6,ManaGainedFromEnemyDeath5,ManaGainedFromEnemyDeath4,ManaGainedFromEnemyDeath3,ManaGainedFromEnemyDeath2,ManaGainedFromEnemyDeath1,,,,,,Spear
SPEAR,SUFFIX,Grants # Life per Enemy Hit,LifeGainPerTargetLocal4,LifeGainPerTargetLocal3,LifeGainPerTargetLocal2,LifeGainPerTargetLocal1,,,,,,,,,,Spear
SPEAR,SUFFIX,Leeches #% of Physical Damage as Life,LifeLeechLocal5,LifeLeechLocal4,LifeLeechLocal3,LifeLeechLocal2,LifeLeechLocal1,,,,,,,,,Spear
SPEAR,SUFFIX,Leeches #% of Physical Damage as Mana,ManaLeechLocal5,ManaLeechLocal4,ManaLeechLocal3,ManaLeechLocal2,ManaLeechLocal1,,,,,,,,,Spear
CROSSBOW,PREFIX,#% increased Elemental Damage with Attacks,WeaponElementalDamageOnTwohandWeapon6,WeaponElementalDamageOnTwohandWeapon5,WeaponElementalDamageOnTwohandWeapon4,WeaponElementalDamageOnTwohandWeapon3,WeaponElementalDamageOnTwohandWeapon2____,WeaponElementalDamageOnTwohandWeapon1,,,,,,,,Crossbow
CROSSBOW,PREFIX,#% increased Physical Damage,LocalIncreasedPhysicalDamagePercent8,LocalIncreasedPhysicalDamagePercent7,LocalIncreasedPhysicalDamagePercent6,LocalIncreasedPhysicalDamagePercent5,LocalIncreasedPhysicalDamagePercent4,LocalIncreasedPhysicalDamagePercent3,LocalIncreasedPhysicalDamagePercent2,LocalIncreasedPhysicalDamagePercent1,,,,,,Crossbow
CROSSBOW,PREFIX,"#% increased Physical Damage, # to Accuracy Rating",LocalIncreasedPhysicalDamagePercentAndAccuracyRating8,LocalIncreasedPhysicalDamagePercentAndAccuracyRating7,LocalIncreasedPhysicalDamagePercentAndAccuracyRating6,LocalIncreasedPhysicalDamagePercentAndAccuracyRating5,LocalIncreasedPhysicalDamagePercentAndAccuracyRating4,LocalIncreasedPhysicalDamagePercentAndAccuracyRating3,LocalIncreasedPhysicalDamagePercentAndAccuracyRating2,LocalIncreasedPhysicalDamagePercentAndAccuracyRating1,,,,,,Crossbow
CROSSBOW,PREFIX,# to Accuracy Rating,LocalIncreasedAccuracy10,LocalIncreasedAccuracy9_,LocalIncreasedAccuracy8,LocalIncreasedAccuracy7,LocalIncreasedAccuracy6,LocalIncreasedAccuracy5,LocalIncreasedAccuracy4,LocalIncreasedAccuracy3,LocalIncreasedAccuracy2,LocalIncreasedAccuracy1,,,,Crossbow
CROSSBOW,PREFIX,Adds # to # Cold Damage,LocalAddedColdDamageTwoHand10,LocalAddedColdDamageTwoHand9,LocalAddedColdDamageTwoHand8,LocalAddedColdDamageTwoHand7,LocalAddedColdDamageTwoHand6,LocalAddedColdDamageTwoHand5,LocalAddedColdDamageTwoHand4,LocalAddedColdDamageTwoHand3,LocalAddedColdDamageTwoHand2,LocalAddedColdDamageTwoHand1,,,,Crossbow
CROSSBOW,PREFIX,Adds # to # Fire Damage,LocalAddedFireDamageTwoHand10,LocalAddedFireDamageTwoHand9,LocalAddedFireDamageTwoHand8_,LocalAddedFireDamageTwoHand7,LocalAddedFireDamageTwoHand6,LocalAddedFireDamageTwoHand5,LocalAddedFireDamageTwoHand4,LocalAddedFireDamageTwoHand3,LocalAddedFireDamageTwoHand2,LocalAddedFireDamageTwoHand1,,,,Crossbow
CROSSBOW,PREFIX,Adds # to # Lightning Damage,LocalAddedLightningDamageTwoHand10,LocalAddedLightningDamageTwoHand9,LocalAddedLightningDamageTwoHand8,LocalAddedLightningDamageTwoHand7,LocalAddedLightningDamageTwoHand6,LocalAddedLightningDamageTwoHand5,LocalAddedLightningDamageTwoHand4,LocalAddedLightningDamageTwoHand3,LocalAddedLightningDamageTwoHand2,LocalAddedLightningDamageTwoHand1_,,,,Crossbow
CROSSBOW,PREFIX,Adds # to # Physical Damage,LocalAddedPhysicalDamageTwoHand9,LocalAddedPhysicalDamageTwoHand8,LocalAddedPhysicalDamageTwoHand7,LocalAddedPhysicalDamageTwoHand6,LocalAddedPhysicalDamageTwoHand5,LocalAddedPhysicalDamageTwoHand4,LocalAddedPhysicalDamageTwoHand3,LocalAddedPhysicalDamageTwoHand2,LocalAddedPhysicalDamageTwoHand1,,,,,Crossbow
CROSSBOW,SUFFIX,#% increased Attack Speed,LocalIncreasedAttackSpeed5,LocalIncreasedAttackSpeed4,LocalIncreasedAttackSpeed3,LocalIncreasedAttackSpeed2,LocalIncreasedAttackSpeed1,,,,,,,,,Crossbow
CROSSBOW,SUFFIX,"# to Accuracy Rating, #% increased Light Radius",LocalLightRadiusAndAccuracy3,LocalLightRadiusAndAccuracy2,LocalLightRadiusAndAccuracy1,,,,,,,,,,,Crossbow
CROSSBOW,SUFFIX,#% reduced Attribute Requirements,ReducedLocalAttributeRequirements5,ReducedLocalAttributeRequirements4,ReducedLocalAttributeRequirements3,ReducedLocalAttributeRequirements2,ReducedLocalAttributeRequirements1,,,,,,,,,Crossbow
CROSSBOW,SUFFIX,# to Dexterity,Dexterity8,Dexterity7,Dexterity6,Dexterity5,Dexterity4,Dexterity3,Dexterity2,Dexterity1,,,,,,Crossbow
CROSSBOW,SUFFIX,# to Level of all Projectile Skills,GlobalProjectileSkillGemLevelTwoHandWeapon5,GlobalProjectileSkillGemLevelTwoHandWeapon4,GlobalProjectileSkillGemLevelTwoHandWeapon3,GlobalProjectileSkillGemLevelTwoHandWeapon2,GlobalProjectileSkillGemLevelTwoHandWeapon1,,,,,,,,,Crossbow
CROSSBOW,SUFFIX,# to Strength,Strength8,Strength7,Strength6,Strength5,Strength4,Strength3,Strength2,Strength1,,,,,,Crossbow
CROSSBOW,SUFFIX,#% to Critical Damage Bonus,LocalCriticalMultiplier6,LocalCriticalMultiplier5,LocalCriticalMultiplier4,LocalCriticalMultiplier3,LocalCriticalMultiplier2,LocalCriticalMultiplier1,,,,,,,,Crossbow
CROSSBOW,SUFFIX,#% to Critical Hit Chance,LocalCriticalStrikeChance6,LocalCriticalStrikeChance5,LocalCriticalStrikeChance4,LocalCriticalStrikeChance3,LocalCriticalStrikeChance2,LocalCriticalStrikeChance1,,,,,,,,Crossbow
CROSSBOW,SUFFIX,Gain # Life per Enemy Killed,LifeGainedFromEnemyDeath8,LifeGainedFromEnemyDeath7,LifeGainedFromEnemyDeath6,LifeGainedFromEnemyDeath5,LifeGainedFromEnemyDeath4,LifeGainedFromEnemyDeath3,LifeGainedFromEnemyDeath2,LifeGainedFromEnemyDeath1,,,,,,Crossbow
CROSSBOW,SUFFIX,Gain # Mana per Enemy Killed,ManaGainedFromEnemyDeath8,ManaGainedFromEnemyDeath7,ManaGainedFromEnemyDeath6,ManaGainedFromEnemyDeath5,ManaGainedFromEnemyDeath4,ManaGainedFromEnemyDeath3,ManaGainedFromEnemyDeath2,ManaGainedFromEnemyDeath1,,,,,,Crossbow
CROSSBOW,SUFFIX,Grants # Life per Enemy Hit,LifeGainPerTargetLocal4,LifeGainPerTargetLocal3,LifeGainPerTargetLocal2,LifeGainPerTargetLocal1,,,,,,,,,,Crossbow
CROSSBOW,SUFFIX,Leeches #% of Physical Damage as Life,LifeLeechLocal4,LifeLeechLocal3,LifeLeechLocal2,LifeLeechLocal1,,,,,,,,,,Crossbow
CROSSBOW,SUFFIX,Leeches #% of Physical Damage as Mana,ManaLeechLocal4,ManaLeechLocal3,ManaLeechLocal2,ManaLeechLocal1,,,,,,,,,,Crossbow
CROSSBOW,SUFFIX,Loads # additional bolts,AdditionalAmmo2,AdditionalAmmo1,,,,,,,,,,,,Crossbow
BOW,PREFIX,#% increased Elemental Damage with Attacks,WeaponElementalDamage6_,WeaponElementalDamage5,WeaponElementalDamage4,WeaponElementalDamage3,WeaponElementalDamage2,WeaponElementalDamage1,,,,,,,,Bow
BOW,PREFIX,#% increased Physical Damage,LocalIncreasedPhysicalDamagePercent8,LocalIncreasedPhysicalDamagePercent7,LocalIncreasedPhysicalDamagePercent6,LocalIncreasedPhysicalDamagePercent5,LocalIncreasedPhysicalDamagePercent4,LocalIncreasedPhysicalDamagePercent3,LocalIncreasedPhysicalDamagePercent2,LocalIncreasedPhysicalDamagePercent1,,,,,,Bow
BOW,PREFIX,"#% increased Physical Damage, # to Accuracy Rating",LocalIncreasedPhysicalDamagePercentAndAccuracyRating8,LocalIncreasedPhysicalDamagePercentAndAccuracyRating7,LocalIncreasedPhysicalDamagePercentAndAccuracyRating6,LocalIncreasedPhysicalDamagePercentAndAccuracyRating5,LocalIncreasedPhysicalDamagePercentAndAccuracyRating4,LocalIncreasedPhysicalDamagePercentAndAccuracyRating3,LocalIncreasedPhysicalDamagePercentAndAccuracyRating2,LocalIncreasedPhysicalDamagePercentAndAccuracyRating1,,,,,,Bow
BOW,PREFIX,# to Accuracy Rating,LocalIncreasedAccuracy10,LocalIncreasedAccuracy9_,LocalIncreasedAccuracy8,LocalIncreasedAccuracy7,LocalIncreasedAccuracy6,LocalIncreasedAccuracy5,LocalIncreasedAccuracy4,LocalIncreasedAccuracy3,LocalIncreasedAccuracy2,LocalIncreasedAccuracy1,,,,Bow
BOW,PREFIX,Adds # to # Cold Damage,LocalAddedColdDamage10__,LocalAddedColdDamage9,LocalAddedColdDamage8,LocalAddedColdDamage7,LocalAddedColdDamage6,LocalAddedColdDamage5,LocalAddedColdDamage4,LocalAddedColdDamage3,LocalAddedColdDamage2,LocalAddedColdDamage1,,,,Bow
BOW,PREFIX,Adds # to # Fire Damage,LocalAddedFireDamage10_,LocalAddedFireDamage9,LocalAddedFireDamage8,LocalAddedFireDamage7,LocalAddedFireDamage6,LocalAddedFireDamage5,LocalAddedFireDamage4,LocalAddedFireDamage3,LocalAddedFireDamage2,LocalAddedFireDamage1,,,,Bow
BOW,PREFIX,Adds # to # Lightning Damage,LocalAddedLightningDamage10,LocalAddedLightningDamage9,LocalAddedLightningDamage8,LocalAddedLightningDamage7,LocalAddedLightningDamage6,LocalAddedLightningDamage5,LocalAddedLightningDamage4,LocalAddedLightningDamage3,LocalAddedLightningDamage2,LocalAddedLightningDamage1,,,,Bow
BOW,PREFIX,Adds # to # Physical Damage,LocalAddedPhysicalDamage9,LocalAddedPhysicalDamage8,LocalAddedPhysicalDamage7,LocalAddedPhysicalDamage6,LocalAddedPhysicalDamage5,LocalAddedPhysicalDamage4,LocalAddedPhysicalDamage3,LocalAddedPhysicalDamage2,LocalAddedPhysicalDamage1,,,,,Bow
BOW,SUFFIX,#% increased Attack Speed,LocalIncreasedAttackSpeed5,LocalIncreasedAttackSpeed4,LocalIncreasedAttackSpeed3,LocalIncreasedAttackSpeed2,LocalIncreasedAttackSpeed1,,,,,,,,,Bow
BOW,SUFFIX,"# to Accuracy Rating, #% increased Light Radius",LocalLightRadiusAndAccuracy3,LocalLightRadiusAndAccuracy2,LocalLightRadiusAndAccuracy1,,,,,,,,,,,Bow
BOW,SUFFIX,#% reduced Attribute Requirements,ReducedLocalAttributeRequirements5,ReducedLocalAttributeRequirements4,ReducedLocalAttributeRequirements3,ReducedLocalAttributeRequirements2,ReducedLocalAttributeRequirements1,,,,,,,,,Bow
BOW,SUFFIX,# to Dexterity,Dexterity8,Dexterity7,Dexterity6,Dexterity5,Dexterity4,Dexterity3,Dexterity2,Dexterity1,,,,,,Bow
BOW,SUFFIX,# to Level of all Projectile Skills,GlobalProjectileSkillGemLevelWeapon5,GlobalProjectileSkillGemLevelWeapon4,GlobalProjectileSkillGemLevelWeapon3,GlobalProjectileSkillGemLevelWeapon2,GlobalProjectileSkillGemLevelWeapon1,,,,,,,,,Bow
BOW,SUFFIX,#% to Critical Damage Bonus,LocalCriticalMultiplier6,LocalCriticalMultiplier5,LocalCriticalMultiplier4,LocalCriticalMultiplier3,LocalCriticalMultiplier2,LocalCriticalMultiplier1,,,,,,,,Bow
BOW,SUFFIX,#% to Critical Hit Chance,LocalCriticalStrikeChance6,LocalCriticalStrikeChance5,LocalCriticalStrikeChance4,LocalCriticalStrikeChance3,LocalCriticalStrikeChance2,LocalCriticalStrikeChance1,,,,,,,,Bow
BOW,SUFFIX,#% Surpassing chance to fire an additional Arrow,AdditionalArrowChance4,AdditionalArrowChance3,AdditionalArrowChance2,AdditionalArrowChance1,,,,,,,,,,Bow
BOW,SUFFIX,Gain # Life per Enemy Killed,LifeGainedFromEnemyDeath8,LifeGainedFromEnemyDeath7,LifeGainedFromEnemyDeath6,LifeGainedFromEnemyDeath5,LifeGainedFromEnemyDeath4,LifeGainedFromEnemyDeath3,LifeGainedFromEnemyDeath2,LifeGainedFromEnemyDeath1,,,,,,Bow
BOW,SUFFIX,Gain # Mana per Enemy Killed,ManaGainedFromEnemyDeath8,ManaGainedFromEnemyDeath7,ManaGainedFromEnemyDeath6,ManaGainedFromEnemyDeath5,ManaGainedFromEnemyDeath4,ManaGainedFromEnemyDeath3,ManaGainedFromEnemyDeath2,ManaGainedFromEnemyDeath1,,,,,,Bow
BOW,SUFFIX,Grants # Life per Enemy Hit,LifeGainPerTargetLocal4,LifeGainPerTargetLocal3,LifeGainPerTargetLocal2,LifeGainPerTargetLocal1,,,,,,,,,,Bow
BOW,SUFFIX,Leeches #% of Physical Damage as Life,LifeLeechLocal4,LifeLeechLocal3,LifeLeechLocal2,LifeLeechLocal1,,,,,,,,,,Bow
BOW,SUFFIX,Leeches #% of Physical Damage as Mana,ManaLeechLocal4,ManaLeechLocal3,ManaLeechLocal2,ManaLeechLocal1,,,,,,,,,,Bow
WARSTAFF,PREFIX,#% increased Elemental Damage with Attacks,WeaponElementalDamageOnTwohandWeapon6,WeaponElementalDamageOnTwohandWeapon5,WeaponElementalDamageOnTwohandWeapon4,WeaponElementalDamageOnTwohandWeapon3,WeaponElementalDamageOnTwohandWeapon2____,WeaponElementalDamageOnTwohandWeapon1,,,,,,,,Warstaff
WARSTAFF,PREFIX,#% increased Physical Damage,LocalIncreasedPhysicalDamagePercent8,LocalIncreasedPhysicalDamagePercent7,LocalIncreasedPhysicalDamagePercent6,LocalIncreasedPhysicalDamagePercent5,LocalIncreasedPhysicalDamagePercent4,LocalIncreasedPhysicalDamagePercent3,LocalIncreasedPhysicalDamagePercent2,LocalIncreasedPhysicalDamagePercent1,,,,,,Warstaff
WARSTAFF,PREFIX,"#% increased Physical Damage, # to Accuracy Rating",LocalIncreasedPhysicalDamagePercentAndAccuracyRating8,LocalIncreasedPhysicalDamagePercentAndAccuracyRating7,LocalIncreasedPhysicalDamagePercentAndAccuracyRating6,LocalIncreasedPhysicalDamagePercentAndAccuracyRating5,LocalIncreasedPhysicalDamagePercentAndAccuracyRating4,LocalIncreasedPhysicalDamagePercentAndAccuracyRating3,LocalIncreasedPhysicalDamagePercentAndAccuracyRating2,LocalIncreasedPhysicalDamagePercentAndAccuracyRating1,,,,,,Warstaff
WARSTAFF,PREFIX,# to Accuracy Rating,LocalIncreasedAccuracy9_,LocalIncreasedAccuracy8,LocalIncreasedAccuracy7,LocalIncreasedAccuracy6,LocalIncreasedAccuracy5,LocalIncreasedAccuracy4,LocalIncreasedAccuracy3,LocalIncreasedAccuracy2,LocalIncreasedAccuracy1,,,,,Warstaff
WARSTAFF,PREFIX,Adds # to # Cold Damage,LocalAddedColdDamageTwoHand10,LocalAddedColdDamageTwoHand9,LocalAddedColdDamageTwoHand8,LocalAddedColdDamageTwoHand7,LocalAddedColdDamageTwoHand6,LocalAddedColdDamageTwoHand5,LocalAddedColdDamageTwoHand4,LocalAddedColdDamageTwoHand3,LocalAddedColdDamageTwoHand2,LocalAddedColdDamageTwoHand1,,,,Warstaff
WARSTAFF,PREFIX,Adds # to # Fire Damage,LocalAddedFireDamageTwoHand10,LocalAddedFireDamageTwoHand9,LocalAddedFireDamageTwoHand8_,LocalAddedFireDamageTwoHand7,LocalAddedFireDamageTwoHand6,LocalAddedFireDamageTwoHand5,LocalAddedFireDamageTwoHand4,LocalAddedFireDamageTwoHand3,LocalAddedFireDamageTwoHand2,LocalAddedFireDamageTwoHand1,,,,Warstaff
WARSTAFF,PREFIX,Adds # to # Lightning Damage,LocalAddedLightningDamageTwoHand10,LocalAddedLightningDamageTwoHand9,LocalAddedLightningDamageTwoHand8,LocalAddedLightningDamageTwoHand7,LocalAddedLightningDamageTwoHand6,LocalAddedLightningDamageTwoHand5,LocalAddedLightningDamageTwoHand4,LocalAddedLightningDamageTwoHand3,LocalAddedLightningDamageTwoHand2,LocalAddedLightningDamageTwoHand1_,,,,Warstaff
WARSTAFF,PREFIX,Adds # to # Physical Damage,LocalAddedPhysicalDamageTwoHand9,LocalAddedPhysicalDamageTwoHand8,LocalAddedPhysicalDamageTwoHand7,LocalAddedPhysicalDamageTwoHand6,LocalAddedPhysicalDamageTwoHand5,LocalAddedPhysicalDamageTwoHand4,LocalAddedPhysicalDamageTwoHand3,LocalAddedPhysicalDamageTwoHand2,LocalAddedPhysicalDamageTwoHand1,,,,,Warstaff
WARSTAFF,SUFFIX,#% increased Attack Speed,LocalIncreasedAttackSpeed8,LocalIncreasedAttackSpeed7,LocalIncreasedAttackSpeed6,LocalIncreasedAttackSpeed5,LocalIncreasedAttackSpeed4,LocalIncreasedAttackSpeed3,LocalIncreasedAttackSpeed2,LocalIncreasedAttackSpeed1,,,,,,Warstaff
WARSTAFF,SUFFIX,"# to Accuracy Rating, #% increased Light Radius",LocalLightRadiusAndAccuracy3,LocalLightRadiusAndAccuracy2,LocalLightRadiusAndAccuracy1,,,,,,,,,,,Warstaff
WARSTAFF,SUFFIX,#% increased Stun Duration,StunDuration6,StunDuration5,StunDuration4,StunDuration3,StunDuration2,StunDuration1,,,,,,,,Warstaff
WARSTAFF,SUFFIX,#% reduced Attribute Requirements,ReducedLocalAttributeRequirements5,ReducedLocalAttributeRequirements4,ReducedLocalAttributeRequirements3,ReducedLocalAttributeRequirements2,ReducedLocalAttributeRequirements1,,,,,,,,,Warstaff
WARSTAFF,SUFFIX,# to Dexterity,Dexterity8,Dexterity7,Dexterity6,Dexterity5,Dexterity4,Dexterity3,Dexterity2,Dexterity1,,,,,,Warstaff
WARSTAFF,SUFFIX,# to Intelligence,Intelligence8,Intelligence7,Intelligence6,Intelligence5,Intelligence4,Intelligence3,Intelligence2,Intelligence1,,,,,,Warstaff
WARSTAFF,SUFFIX,# to Level of all Melee Skills,GlobalMeleeSkillGemLevelTwoHandWeapon5,GlobalMeleeSkillGemLevelTwoHandWeapon4,GlobalMeleeSkillGemLevelTwoHandWeapon3,GlobalMeleeSkillGemLevelTwoHandWeapon2,GlobalMeleeSkillGemLevelTwoHandWeapon1,,,,,,,,,Warstaff
WARSTAFF,SUFFIX,#% to Critical Damage Bonus,LocalCriticalMultiplier6,LocalCriticalMultiplier5,LocalCriticalMultiplier4,LocalCriticalMultiplier3,LocalCriticalMultiplier2,LocalCriticalMultiplier1,,,,,,,,Warstaff
WARSTAFF,SUFFIX,#% to Critical Hit Chance,LocalCriticalStrikeChance6,LocalCriticalStrikeChance5,LocalCriticalStrikeChance4,LocalCriticalStrikeChance3,LocalCriticalStrikeChance2,LocalCriticalStrikeChance1,,,,,,,,Warstaff
WARSTAFF,SUFFIX,Causes #% increased Stun Buildup,StunDamageIncrease6,StunDamageIncrease5,StunDamageIncrease4,StunDamageIncrease3,StunDamageIncrease2,StunDamageIncrease1,,,,,,,,Warstaff
WARSTAFF,SUFFIX,Gain # Life per Enemy Killed,LifeGainedFromEnemyDeath8,LifeGainedFromEnemyDeath7,LifeGainedFromEnemyDeath6,LifeGainedFromEnemyDeath5,LifeGainedFromEnemyDeath4,LifeGainedFromEnemyDeath3,LifeGainedFromEnemyDeath2,LifeGainedFromEnemyDeath1,,,,,,Warstaff
WARSTAFF,SUFFIX,Gain # Mana per Enemy Killed,ManaGainedFromEnemyDeath8,ManaGainedFromEnemyDeath7,ManaGainedFromEnemyDeath6,ManaGainedFromEnemyDeath5,ManaGainedFromEnemyDeath4,ManaGainedFromEnemyDeath3,ManaGainedFromEnemyDeath2,ManaGainedFromEnemyDeath1,,,,,,Warstaff
WARSTAFF,SUFFIX,Grants # Life per Enemy Hit,LifeGainPerTargetLocal4,LifeGainPerTargetLocal3,LifeGainPerTargetLocal2,LifeGainPerTargetLocal1,,,,,,,,,,Warstaff
WARSTAFF,SUFFIX,Leeches #% of Physical Damage as Life,LifeLeechLocal5,LifeLeechLocal4,LifeLeechLocal3,LifeLeechLocal2,LifeLeechLocal1,,,,,,,,,Warstaff
WARSTAFF,SUFFIX,Leeches #% of Physical Damage as Mana,ManaLeechLocal5,ManaLeechLocal4,ManaLeechLocal3,ManaLeechLocal2,ManaLeechLocal1,,,,,,,,,Warstaff
TWO HAND MACE,PREFIX,#% increased Elemental Damage with Attacks,WeaponElementalDamageOnTwohandWeapon6,WeaponElementalDamageOnTwohandWeapon5,WeaponElementalDamageOnTwohandWeapon4,WeaponElementalDamageOnTwohandWeapon3,WeaponElementalDamageOnTwohandWeapon2____,WeaponElementalDamageOnTwohandWeapon1,,,,,,,,Two Hand Mace
TWO HAND MACE,PREFIX,#% increased Physical Damage,LocalIncreasedPhysicalDamagePercent8,LocalIncreasedPhysicalDamagePercent7,LocalIncreasedPhysicalDamagePercent6,LocalIncreasedPhysicalDamagePercent5,LocalIncreasedPhysicalDamagePercent4,LocalIncreasedPhysicalDamagePercent3,LocalIncreasedPhysicalDamagePercent2,LocalIncreasedPhysicalDamagePercent1,,,,,,Two Hand Mace
TWO HAND MACE,PREFIX,"#% increased Physical Damage, # to Accuracy Rating",LocalIncreasedPhysicalDamagePercentAndAccuracyRating8,LocalIncreasedPhysicalDamagePercentAndAccuracyRating7,LocalIncreasedPhysicalDamagePercentAndAccuracyRating6,LocalIncreasedPhysicalDamagePercentAndAccuracyRating5,LocalIncreasedPhysicalDamagePercentAndAccuracyRating4,LocalIncreasedPhysicalDamagePercentAndAccuracyRating3,LocalIncreasedPhysicalDamagePercentAndAccuracyRating2,LocalIncreasedPhysicalDamagePercentAndAccuracyRating1,,,,,,Two Hand Mace
TWO HAND MACE,PREFIX,# to Accuracy Rating,LocalIncreasedAccuracy9_,LocalIncreasedAccuracy8,LocalIncreasedAccuracy7,LocalIncreasedAccuracy6,LocalIncreasedAccuracy5,LocalIncreasedAccuracy4,LocalIncreasedAccuracy3,LocalIncreasedAccuracy2,LocalIncreasedAccuracy1,,,,,Two Hand Mace
TWO HAND MACE,PREFIX,Adds # to # Cold Damage,LocalAddedColdDamageTwoHand10,LocalAddedColdDamageTwoHand9,LocalAddedColdDamageTwoHand8,LocalAddedColdDamageTwoHand7,LocalAddedColdDamageTwoHand6,LocalAddedColdDamageTwoHand5,LocalAddedColdDamageTwoHand4,LocalAddedColdDamageTwoHand3,LocalAddedColdDamageTwoHand2,LocalAddedColdDamageTwoHand1,,,,Two Hand Mace
TWO HAND MACE,PREFIX,Adds # to # Fire Damage,LocalAddedFireDamageTwoHand10,LocalAddedFireDamageTwoHand9,LocalAddedFireDamageTwoHand8_,LocalAddedFireDamageTwoHand7,LocalAddedFireDamageTwoHand6,LocalAddedFireDamageTwoHand5,LocalAddedFireDamageTwoHand4,LocalAddedFireDamageTwoHand3,LocalAddedFireDamageTwoHand2,LocalAddedFireDamageTwoHand1,,,,Two Hand Mace
TWO HAND MACE,PREFIX,Adds # to # Lightning Damage,LocalAddedLightningDamageTwoHand10,LocalAddedLightningDamageTwoHand9,LocalAddedLightningDamageTwoHand8,LocalAddedLightningDamageTwoHand7,LocalAddedLightningDamageTwoHand6,LocalAddedLightningDamageTwoHand5,LocalAddedLightningDamageTwoHand4,LocalAddedLightningDamageTwoHand3,LocalAddedLightningDamageTwoHand2,LocalAddedLightningDamageTwoHand1_,,,,Two Hand Mace
TWO HAND MACE,PREFIX,Adds # to # Physical Damage,LocalAddedPhysicalDamageTwoHand9,LocalAddedPhysicalDamageTwoHand8,LocalAddedPhysicalDamageTwoHand7,LocalAddedPhysicalDamageTwoHand6,LocalAddedPhysicalDamageTwoHand5,LocalAddedPhysicalDamageTwoHand4,LocalAddedPhysicalDamageTwoHand3,LocalAddedPhysicalDamageTwoHand2,LocalAddedPhysicalDamageTwoHand1,,,,,Two Hand Mace
TWO HAND MACE,SUFFIX,#% increased Attack Speed,LocalIncreasedAttackSpeed8,LocalIncreasedAttackSpeed7,LocalIncreasedAttackSpeed6,LocalIncreasedAttackSpeed5,LocalIncreasedAttackSpeed4,LocalIncreasedAttackSpeed3,LocalIncreasedAttackSpeed2,LocalIncreasedAttackSpeed1,,,,,,Two Hand Mace
TWO HAND MACE,SUFFIX,"# to Accuracy Rating, #% increased Light Radius",LocalLightRadiusAndAccuracy3,LocalLightRadiusAndAccuracy2,LocalLightRadiusAndAccuracy1,,,,,,,,,,,Two Hand Mace
TWO HAND MACE,SUFFIX,#% increased Stun Duration,StunDuration6,StunDuration5,StunDuration4,StunDuration3,StunDuration2,StunDuration1,,,,,,,,Two Hand Mace
TWO HAND MACE,SUFFIX,#% reduced Attribute Requirements,ReducedLocalAttributeRequirements5,ReducedLocalAttributeRequirements4,ReducedLocalAttributeRequirements3,ReducedLocalAttributeRequirements2,ReducedLocalAttributeRequirements1,,,,,,,,,Two Hand Mace
TWO HAND MACE,SUFFIX,# to Level of all Melee Skills,GlobalMeleeSkillGemLevelTwoHandWeapon5,GlobalMeleeSkillGemLevelTwoHandWeapon4,GlobalMeleeSkillGemLevelTwoHandWeapon3,GlobalMeleeSkillGemLevelTwoHandWeapon2,GlobalMeleeSkillGemLevelTwoHandWeapon1,,,,,,,,,Two Hand Mace
TWO HAND MACE,SUFFIX,# to Strength,Strength8,Strength7,Strength6,Strength5,Strength4,Strength3,Strength2,Strength1,,,,,,Two Hand Mace
TWO HAND MACE,SUFFIX,#% to Critical Damage Bonus,LocalCriticalMultiplier6,LocalCriticalMultiplier5,LocalCriticalMultiplier4,LocalCriticalMultiplier3,LocalCriticalMultiplier2,LocalCriticalMultiplier1,,,,,,,,Two Hand Mace
TWO HAND MACE,SUFFIX,#% to Critical Hit Chance,LocalCriticalStrikeChance6,LocalCriticalStrikeChance5,LocalCriticalStrikeChance4,LocalCriticalStrikeChance3,LocalCriticalStrikeChance2,LocalCriticalStrikeChance1,,,,,,,,Two Hand Mace
TWO HAND MACE,SUFFIX,Causes #% increased Stun Buildup,StunDamageIncrease6,StunDamageIncrease5,StunDamageIncrease4,StunDamageIncrease3,StunDamageIncrease2,StunDamageIncrease1,,,,,,,,Two Hand Mace
TWO HAND MACE,SUFFIX,Gain # Life per Enemy Killed,LifeGainedFromEnemyDeath8,LifeGainedFromEnemyDeath7,LifeGainedFromEnemyDeath6,LifeGainedFromEnemyDeath5,LifeGainedFromEnemyDeath4,LifeGainedFromEnemyDeath3,LifeGainedFromEnemyDeath2,LifeGainedFromEnemyDeath1,,,,,,Two Hand Mace
TWO HAND MACE,SUFFIX,Gain # Mana per Enemy Killed,ManaGainedFromEnemyDeath8,ManaGainedFromEnemyDeath7,ManaGainedFromEnemyDeath6,ManaGainedFromEnemyDeath5,ManaGainedFromEnemyDeath4,ManaGainedFromEnemyDeath3,ManaGainedFromEnemyDeath2,ManaGainedFromEnemyDeath1,,,,,,Two Hand Mace
TWO HAND MACE,SUFFIX,Grants # Life per Enemy Hit,LifeGainPerTargetLocal4,LifeGainPerTargetLocal3,LifeGainPerTargetLocal2,LifeGainPerTargetLocal1,,,,,,,,,,Two Hand Mace
TWO HAND MACE,SUFFIX,Leeches #% of Physical Damage as Life,LifeLeechLocal5,LifeLeechLocal4,LifeLeechLocal3,LifeLeechLocal2,LifeLeechLocal1,,,,,,,,,Two Hand Mace
TWO HAND MACE,SUFFIX,Leeches #% of Physical Damage as Mana,ManaLeechLocal5,ManaLeechLocal4,ManaLeechLocal3,ManaLeechLocal2,ManaLeechLocal1,,,,,,,,,Two Hand Mace
ONE HAND MACE,PREFIX,#% increased Elemental Damage with Attacks,WeaponElementalDamage6_,WeaponElementalDamage5,WeaponElementalDamage4,WeaponElementalDamage3,WeaponElementalDamage2,WeaponElementalDamage1,,,,,,,,One Hand Mace
ONE HAND MACE,PREFIX,#% increased Physical Damage,LocalIncreasedPhysicalDamagePercent8,LocalIncreasedPhysicalDamagePercent7,LocalIncreasedPhysicalDamagePercent6,LocalIncreasedPhysicalDamagePercent5,LocalIncreasedPhysicalDamagePercent4,LocalIncreasedPhysicalDamagePercent3,LocalIncreasedPhysicalDamagePercent2,LocalIncreasedPhysicalDamagePercent1,,,,,,One Hand Mace
ONE HAND MACE,PREFIX,"#% increased Physical Damage, # to Accuracy Rating",LocalIncreasedPhysicalDamagePercentAndAccuracyRating8,LocalIncreasedPhysicalDamagePercentAndAccuracyRating7,LocalIncreasedPhysicalDamagePercentAndAccuracyRating6,LocalIncreasedPhysicalDamagePercentAndAccuracyRating5,LocalIncreasedPhysicalDamagePercentAndAccuracyRating4,LocalIncreasedPhysicalDamagePercentAndAccuracyRating3,LocalIncreasedPhysicalDamagePercentAndAccuracyRating2,LocalIncreasedPhysicalDamagePercentAndAccuracyRating1,,,,,,One Hand Mace
ONE HAND MACE,PREFIX,# to Accuracy Rating,LocalIncreasedAccuracy9_,LocalIncreasedAccuracy8,LocalIncreasedAccuracy7,LocalIncreasedAccuracy6,LocalIncreasedAccuracy5,LocalIncreasedAccuracy4,LocalIncreasedAccuracy3,LocalIncreasedAccuracy2,LocalIncreasedAccuracy1,,,,,One Hand Mace
ONE HAND MACE,PREFIX,Adds # to # Cold Damage,LocalAddedColdDamage10__,LocalAddedColdDamage9,LocalAddedColdDamage8,LocalAddedColdDamage7,LocalAddedColdDamage6,LocalAddedColdDamage5,LocalAddedColdDamage4,LocalAddedColdDamage3,LocalAddedColdDamage2,LocalAddedColdDamage1,,,,One Hand Mace
ONE HAND MACE,PREFIX,Adds # to # Fire Damage,LocalAddedFireDamage10_,LocalAddedFireDamage9,LocalAddedFireDamage8,LocalAddedFireDamage7,LocalAddedFireDamage6,LocalAddedFireDamage5,LocalAddedFireDamage4,LocalAddedFireDamage3,LocalAddedFireDamage2,LocalAddedFireDamage1,,,,One Hand Mace
ONE HAND MACE,PREFIX,Adds # to # Lightning Damage,LocalAddedLightningDamage10,LocalAddedLightningDamage9,LocalAddedLightningDamage8,LocalAddedLightningDamage7,LocalAddedLightningDamage6,LocalAddedLightningDamage5,LocalAddedLightningDamage4,LocalAddedLightningDamage3,LocalAddedLightningDamage2,LocalAddedLightningDamage1,,,,One Hand Mace
ONE HAND MACE,PREFIX,Adds # to # Physical Damage,LocalAddedPhysicalDamage9,LocalAddedPhysicalDamage8,LocalAddedPhysicalDamage7,LocalAddedPhysicalDamage6,LocalAddedPhysicalDamage5,LocalAddedPhysicalDamage4,LocalAddedPhysicalDamage3,LocalAddedPhysicalDamage2,LocalAddedPhysicalDamage1,,,,,One Hand Mace
ONE HAND MACE,SUFFIX,#% increased Attack Speed,LocalIncreasedAttackSpeed8,LocalIncreasedAttackSpeed7,LocalIncreasedAttackSpeed6,LocalIncreasedAttackSpeed5,LocalIncreasedAttackSpeed4,LocalIncreasedAttackSpeed3,LocalIncreasedAttackSpeed2,LocalIncreasedAttackSpeed1,,,,,,One Hand Mace
ONE HAND MACE,SUFFIX,"# to Accuracy Rating, #% increased Light Radius",LocalLightRadiusAndAccuracy3,LocalLightRadiusAndAccuracy2,LocalLightRadiusAndAccuracy1,,,,,,,,,,,One Hand Mace
ONE HAND MACE,SUFFIX,#% increased Stun Duration,StunDuration6,StunDuration5,StunDuration4,StunDuration3,StunDuration2,StunDuration1,,,,,,,,One Hand Mace
ONE HAND MACE,SUFFIX,#% reduced Attribute Requirements,ReducedLocalAttributeRequirements5,ReducedLocalAttributeRequirements4,ReducedLocalAttributeRequirements3,ReducedLocalAttributeRequirements2,ReducedLocalAttributeRequirements1,,,,,,,,,One Hand Mace
ONE HAND MACE,SUFFIX,# to Level of all Melee Skills,GlobalMeleeSkillGemLevelWeapon5,GlobalMeleeSkillGemLevelWeapon4,GlobalMeleeSkillGemLevelWeapon3,GlobalMeleeSkillGemLevelWeapon2,GlobalMeleeSkillGemLevelWeapon1,,,,,,,,,One Hand Mace
ONE HAND MACE,SUFFIX,# to Strength,Strength8,Strength7,Strength6,Strength5,Strength4,Strength3,Strength2,Strength1,,,,,,One Hand Mace
ONE HAND MACE,SUFFIX,#% to Critical Damage Bonus,LocalCriticalMultiplier6,LocalCriticalMultiplier5,LocalCriticalMultiplier4,LocalCriticalMultiplier3,LocalCriticalMultiplier2,LocalCriticalMultiplier1,,,,,,,,One Hand Mace
ONE HAND MACE,SUFFIX,#% to Critical Hit Chance,LocalCriticalStrikeChance6,LocalCriticalStrikeChance5,LocalCriticalStrikeChance4,LocalCriticalStrikeChance3,LocalCriticalStrikeChance2,LocalCriticalStrikeChance1,,,,,,,,One Hand Mace
ONE HAND MACE,SUFFIX,Causes #% increased Stun Buildup,StunDamageIncrease6,StunDamageIncrease5,StunDamageIncrease4,StunDamageIncrease3,StunDamageIncrease2,StunDamageIncrease1,,,,,,,,One Hand Mace
ONE HAND MACE,SUFFIX,Gain # Life per Enemy Killed,LifeGainedFromEnemyDeath8,LifeGainedFromEnemyDeath7,LifeGainedFromEnemyDeath6,LifeGainedFromEnemyDeath5,LifeGainedFromEnemyDeath4,LifeGainedFromEnemyDeath3,LifeGainedFromEnemyDeath2,LifeGainedFromEnemyDeath1,,,,,,One Hand Mace
ONE HAND MACE,SUFFIX,Gain # Mana per Enemy Killed,ManaGainedFromEnemyDeath8,ManaGainedFromEnemyDeath7,ManaGainedFromEnemyDeath6,ManaGainedFromEnemyDeath5,ManaGainedFromEnemyDeath4,ManaGainedFromEnemyDeath3,ManaGainedFromEnemyDeath2,ManaGainedFromEnemyDeath1,,,,,,One Hand Mace
ONE HAND MACE,SUFFIX,Grants # Life per Enemy Hit,LifeGainPerTargetLocal4,LifeGainPerTargetLocal3,LifeGainPerTargetLocal2,LifeGainPerTargetLocal1,,,,,,,,,,One Hand Mace
ONE HAND MACE,SUFFIX,Leeches #% of Physical Damage as Life,LifeLeechLocal5,LifeLeechLocal4,LifeLeechLocal3,LifeLeechLocal2,LifeLeechLocal1,,,,,,,,,One Hand Mace
ONE HAND MACE,SUFFIX,Leeches #% of Physical Damage as Mana,ManaLeechLocal5,ManaLeechLocal4,ManaLeechLocal3,ManaLeechLocal2,ManaLeechLocal1,,,,,,,,,One Hand Mace
WAND,PREFIX,#% increased Chaos Damage,ChaosDamagePrefixOnWeapon8,ChaosDamagePrefixOnWeapon7,ChaosDamagePrefixOnWeapon6,ChaosDamagePrefixOnWeapon5,ChaosDamagePrefixOnWeapon4,ChaosDamagePrefixOnWeapon3,ChaosDamagePrefixOnWeapon2,ChaosDamagePrefixOnWeapon1,,,,,,Wand
WAND,PREFIX,#% increased Cold Damage,ColdDamagePrefixOnWeapon8,ColdDamagePrefixOnWeapon7,ColdDamagePrefixOnWeapon6,ColdDamagePrefixOnWeapon5_,ColdDamagePrefixOnWeapon4,ColdDamagePrefixOnWeapon3_,ColdDamagePrefixOnWeapon2,ColdDamagePrefixOnWeapon1,,,,,,Wand
WAND,PREFIX,#% increased Fire Damage,FireDamagePrefixOnWeapon8_,FireDamagePrefixOnWeapon7_,FireDamagePrefixOnWeapon6,FireDamagePrefixOnWeapon5_,FireDamagePrefixOnWeapon4,FireDamagePrefixOnWeapon3,FireDamagePrefixOnWeapon2,FireDamagePrefixOnWeapon1,,,,,,Wand
WAND,PREFIX,#% increased Lightning Damage,LightningDamagePrefixOnWeapon8,LightningDamagePrefixOnWeapon7,LightningDamagePrefixOnWeapon6,LightningDamagePrefixOnWeapon5,LightningDamagePrefixOnWeapon4,LightningDamagePrefixOnWeapon3,LightningDamagePrefixOnWeapon2,LightningDamagePrefixOnWeapon1_,,,,,,Wand
WAND,PREFIX,#% increased Spell Damage,SpellDamageOnWeapon8_,SpellDamageOnWeapon7,SpellDamageOnWeapon6,SpellDamageOnWeapon5,SpellDamageOnWeapon4,SpellDamageOnWeapon3,SpellDamageOnWeapon2,SpellDamageOnWeapon1,,,,,,Wand
WAND,PREFIX,"#% increased Spell Damage, # to maximum Mana",SpellDamageAndManaOnWeapon7,SpellDamageAndManaOnWeapon6,SpellDamageAndManaOnWeapon5,SpellDamageAndManaOnWeapon4,SpellDamageAndManaOnWeapon3,SpellDamageAndManaOnWeapon2,SpellDamageAndManaOnWeapon1,,,,,,,Wand
WAND,PREFIX,#% increased Spell Physical Damage,PhysicalDamagePrefixOnWeapon8,PhysicalDamagePrefixOnWeapon7,PhysicalDamagePrefixOnWeapon6,PhysicalDamagePrefixOnWeapon5,PhysicalDamagePrefixOnWeapon4,PhysicalDamagePrefixOnWeapon3,PhysicalDamagePrefixOnWeapon2,PhysicalDamagePrefixOnWeapon1,,,,,,Wand
WAND,PREFIX,# to maximum Mana,IncreasedMana11,IncreasedMana10,IncreasedMana9,IncreasedMana8,IncreasedMana7,IncreasedMana6,IncreasedMana5,IncreasedMana4,IncreasedMana3,IncreasedMana2,IncreasedMana1,,,Wand
WAND,PREFIX,Gain #% of Damage as Extra Cold Damage,SpellDamageGainedAsCold6,SpellDamageGainedAsCold5,SpellDamageGainedAsCold4,SpellDamageGainedAsCold3,SpellDamageGainedAsCold2,SpellDamageGainedAsCold1,,,,,,,,Wand
WAND,PREFIX,Gain #% of Damage as Extra Fire Damage,SpellDamageGainedAsFire6,SpellDamageGainedAsFire5,SpellDamageGainedAsFire4,SpellDamageGainedAsFire3,SpellDamageGainedAsFire2,SpellDamageGainedAsFire1,,,,,,,,Wand
WAND,PREFIX,Gain #% of Damage as Extra Lightning Damage,SpellDamageGainedAsLightning6,SpellDamageGainedAsLightning5,SpellDamageGainedAsLightning4,SpellDamageGainedAsLightning3,SpellDamageGainedAsLightning2,SpellDamageGainedAsLightning1,,,,,,,,Wand
WAND,SUFFIX,#% increased Cast Speed,IncreasedCastSpeed7,IncreasedCastSpeed6,IncreasedCastSpeed5,IncreasedCastSpeed4,IncreasedCastSpeed3,IncreasedCastSpeed2,IncreasedCastSpeed1,,,,,,,Wand
WAND,SUFFIX,#% increased Flammability Magnitude,IgniteChanceIncrease5,IgniteChanceIncrease4,IgniteChanceIncrease3,IgniteChanceIncrease2,IgniteChanceIncrease1,,,,,,,,,Wand
WAND,SUFFIX,#% increased chance to Shock,ShockChanceIncrease5,ShockChanceIncrease4,ShockChanceIncrease3,ShockChanceIncrease2,ShockChanceIncrease1,,,,,,,,,Wand
WAND,SUFFIX,#% increased Critical Hit Chance for Spells,SpellCriticalStrikeChance6_,SpellCriticalStrikeChance5,SpellCriticalStrikeChance4,SpellCriticalStrikeChance3,SpellCriticalStrikeChance2,SpellCriticalStrikeChance1,,,,,,,,Wand
WAND,SUFFIX,#% increased Critical Spell Damage Bonus,SpellCriticalStrikeMultiplier6,SpellCriticalStrikeMultiplier5,SpellCriticalStrikeMultiplier4,SpellCriticalStrikeMultiplier3,SpellCriticalStrikeMultiplier2,SpellCriticalStrikeMultiplier1,,,,,,,,Wand
WAND,SUFFIX,#% increased Freeze Buildup,FreezeDamageIncrease5,FreezeDamageIncrease4,FreezeDamageIncrease3,FreezeDamageIncrease2,FreezeDamageIncrease1,,,,,,,,,Wand
WAND,SUFFIX,"#% increased Mana Regeneration Rate, #% increased Light Radius",LightRadiusAndManaRegeneration3,LightRadiusAndManaRegeneration2,LightRadiusAndManaRegeneration1,,,,,,,,,,,Wand
WAND,SUFFIX,#% increased Mana Regeneration Rate,ManaRegeneration6,ManaRegeneration5,ManaRegeneration4,ManaRegeneration3,ManaRegeneration2,ManaRegeneration1,,,,,,,,Wand
WAND,SUFFIX,#% reduced Attribute Requirements,ReducedLocalAttributeRequirements5,ReducedLocalAttributeRequirements4,ReducedLocalAttributeRequirements3,ReducedLocalAttributeRequirements2,ReducedLocalAttributeRequirements1,,,,,,,,,Wand
WAND,SUFFIX,# to Intelligence,Intelligence8,Intelligence7,Intelligence6,Intelligence5,Intelligence4,Intelligence3,Intelligence2,Intelligence1,,,,,,Wand
WAND,SUFFIX,# to Level of all Chaos Spell Skills,GlobalChaosSpellGemsLevelWeapon5,GlobalChaosSpellGemsLevelWeapon4,GlobalChaosSpellGemsLevelWeapon3,GlobalChaosSpellGemsLevelWeapon2,GlobalChaosSpellGemsLevelWeapon1,,,,,,,,,Wand
WAND,SUFFIX,# to Level of all Cold Spell Skills,GlobalColdSpellGemsLevelWeapon5,GlobalColdSpellGemsLevelWeapon4,GlobalColdSpellGemsLevelWeapon3,GlobalColdSpellGemsLevelWeapon2,GlobalColdSpellGemsLevelWeapon1,,,,,,,,,Wand
WAND,SUFFIX,# to Level of all Fire Spell Skills,GlobalFireSpellGemsLevelWeapon5,GlobalFireSpellGemsLevelWeapon4,GlobalFireSpellGemsLevelWeapon3,GlobalFireSpellGemsLevelWeapon2,GlobalFireSpellGemsLevelWeapon1,,,,,,,,,Wand
WAND,SUFFIX,# to Level of all Lightning Spell Skills,GlobalLightningSpellGemsLevelWeapon5,GlobalLightningSpellGemsLevelWeapon4,GlobalLightningSpellGemsLevelWeapon3,GlobalLightningSpellGemsLevelWeapon2,GlobalLightningSpellGemsLevelWeapon1,,,,,,,,,Wand
WAND,SUFFIX,# to Level of all Physical Spell Skills,GlobalPhysicalSpellGemsLevelWeapon5,GlobalPhysicalSpellGemsLevelWeapon4,GlobalPhysicalSpellGemsLevelWeapon3,GlobalPhysicalSpellGemsLevelWeapon2,GlobalPhysicalSpellGemsLevelWeapon1,,,,,,,,,Wand
WAND,SUFFIX,# to Level of all Spell Skills,GlobalSpellGemsLevelWeapon4,GlobalSpellGemsLevelWeapon3,GlobalSpellGemsLevelWeapon2,GlobalSpellGemsLevelWeapon1,,,,,,,,,,Wand
WAND,SUFFIX,Gain # Life per Enemy Killed,LifeGainedFromEnemyDeath8,LifeGainedFromEnemyDeath7,LifeGainedFromEnemyDeath6,LifeGainedFromEnemyDeath5,LifeGainedFromEnemyDeath4,LifeGainedFromEnemyDeath3,LifeGainedFromEnemyDeath2,LifeGainedFromEnemyDeath1,,,,,,Wand
WAND,SUFFIX,Gain # Mana per Enemy Killed,ManaGainedFromEnemyDeath8,ManaGainedFromEnemyDeath7,ManaGainedFromEnemyDeath6,ManaGainedFromEnemyDeath5,ManaGainedFromEnemyDeath4,ManaGainedFromEnemyDeath3,ManaGainedFromEnemyDeath2,ManaGainedFromEnemyDeath1,,,,,,Wand
FIRE WAND,PREFIX,#% increased Fire Damage,FireDamagePrefixOnWeapon8_,FireDamagePrefixOnWeapon7_,FireDamagePrefixOnWeapon6,FireDamagePrefixOnWeapon5_,FireDamagePrefixOnWeapon4,FireDamagePrefixOnWeapon3,FireDamagePrefixOnWeapon2,FireDamagePrefixOnWeapon1,,,,,,Wand
FIRE WAND,PREFIX,#% increased Spell Damage,SpellDamageOnWeapon8_,SpellDamageOnWeapon7,SpellDamageOnWeapon6,SpellDamageOnWeapon5,SpellDamageOnWeapon4,SpellDamageOnWeapon3,SpellDamageOnWeapon2,SpellDamageOnWeapon1,,,,,,Wand
FIRE WAND,PREFIX,"#% increased Spell Damage, # to maximum Mana",SpellDamageAndManaOnWeapon7,SpellDamageAndManaOnWeapon6,SpellDamageAndManaOnWeapon5,SpellDamageAndManaOnWeapon4,SpellDamageAndManaOnWeapon3,SpellDamageAndManaOnWeapon2,SpellDamageAndManaOnWeapon1,,,,,,,Wand
FIRE WAND,PREFIX,# to maximum Mana,IncreasedMana11,IncreasedMana10,IncreasedMana9,IncreasedMana8,IncreasedMana7,IncreasedMana6,IncreasedMana5,IncreasedMana4,IncreasedMana3,IncreasedMana2,IncreasedMana1,,,Wand
FIRE WAND,PREFIX,Gain #% of Damage as Extra Cold Damage,SpellDamageGainedAsCold6,SpellDamageGainedAsCold5,SpellDamageGainedAsCold4,SpellDamageGainedAsCold3,SpellDamageGainedAsCold2,SpellDamageGainedAsCold1,,,,,,,,Wand
FIRE WAND,PREFIX,Gain #% of Damage as Extra Fire Damage,SpellDamageGainedAsFire6,SpellDamageGainedAsFire5,SpellDamageGainedAsFire4,SpellDamageGainedAsFire3,SpellDamageGainedAsFire2,SpellDamageGainedAsFire1,,,,,,,,Wand
FIRE WAND,PREFIX,Gain #% of Damage as Extra Lightning Damage,SpellDamageGainedAsLightning6,SpellDamageGainedAsLightning5,SpellDamageGainedAsLightning4,SpellDamageGainedAsLightning3,SpellDamageGainedAsLightning2,SpellDamageGainedAsLightning1,,,,,,,,Wand
FIRE WAND,SUFFIX,#% increased Cast Speed,IncreasedCastSpeed7,IncreasedCastSpeed6,IncreasedCastSpeed5,IncreasedCastSpeed4,IncreasedCastSpeed3,IncreasedCastSpeed2,IncreasedCastSpeed1,,,,,,,Wand
FIRE WAND,SUFFIX,#% increased Flammability Magnitude,IgniteChanceIncrease5,IgniteChanceIncrease4,IgniteChanceIncrease3,IgniteChanceIncrease2,IgniteChanceIncrease1,,,,,,,,,Wand
FIRE WAND,SUFFIX,#% increased Critical Hit Chance for Spells,SpellCriticalStrikeChance6_,SpellCriticalStrikeChance5,SpellCriticalStrikeChance4,SpellCriticalStrikeChance3,SpellCriticalStrikeChance2,SpellCriticalStrikeChance1,,,,,,,,Wand
FIRE WAND,SUFFIX,#% increased Critical Spell Damage Bonus,SpellCriticalStrikeMultiplier6,SpellCriticalStrikeMultiplier5,SpellCriticalStrikeMultiplier4,SpellCriticalStrikeMultiplier3,SpellCriticalStrikeMultiplier2,SpellCriticalStrikeMultiplier1,,,,,,,,Wand
FIRE WAND,SUFFIX,"#% increased Mana Regeneration Rate, #% increased Light Radius",LightRadiusAndManaRegeneration3,LightRadiusAndManaRegeneration2,LightRadiusAndManaRegeneration1,,,,,,,,,,,Wand
FIRE WAND,SUFFIX,#% increased Mana Regeneration Rate,ManaRegeneration6,ManaRegeneration5,ManaRegeneration4,ManaRegeneration3,ManaRegeneration2,ManaRegeneration1,,,,,,,,Wand
FIRE WAND,SUFFIX,#% reduced Attribute Requirements,ReducedLocalAttributeRequirements5,ReducedLocalAttributeRequirements4,ReducedLocalAttributeRequirements3,ReducedLocalAttributeRequirements2,ReducedLocalAttributeRequirements1,,,,,,,,,Wand
FIRE WAND,SUFFIX,# to Intelligence,Intelligence8,Intelligence7,Intelligence6,Intelligence5,Intelligence4,Intelligence3,Intelligence2,Intelligence1,,,,,,Wand
FIRE WAND,SUFFIX,# to Level of all Fire Spell Skills,GlobalFireSpellGemsLevelWeapon5,GlobalFireSpellGemsLevelWeapon4,GlobalFireSpellGemsLevelWeapon3,GlobalFireSpellGemsLevelWeapon2,GlobalFireSpellGemsLevelWeapon1,,,,,,,,,Wand
FIRE WAND,SUFFIX,# to Level of all Spell Skills,GlobalSpellGemsLevelWeapon4,GlobalSpellGemsLevelWeapon3,GlobalSpellGemsLevelWeapon2,GlobalSpellGemsLevelWeapon1,,,,,,,,,,Wand
FIRE WAND,SUFFIX,Gain # Life per Enemy Killed,LifeGainedFromEnemyDeath8,LifeGainedFromEnemyDeath7,LifeGainedFromEnemyDeath6,LifeGainedFromEnemyDeath5,LifeGainedFromEnemyDeath4,LifeGainedFromEnemyDeath3,LifeGainedFromEnemyDeath2,LifeGainedFromEnemyDeath1,,,,,,Wand
FIRE WAND,SUFFIX,Gain # Mana per Enemy Killed,ManaGainedFromEnemyDeath8,ManaGainedFromEnemyDeath7,ManaGainedFromEnemyDeath6,ManaGainedFromEnemyDeath5,ManaGainedFromEnemyDeath4,ManaGainedFromEnemyDeath3,ManaGainedFromEnemyDeath2,ManaGainedFromEnemyDeath1,,,,,,Wand
ICE WAND,PREFIX,#% increased Cold Damage,ColdDamagePrefixOnWeapon8,ColdDamagePrefixOnWeapon7,ColdDamagePrefixOnWeapon6,ColdDamagePrefixOnWeapon5_,ColdDamagePrefixOnWeapon4,ColdDamagePrefixOnWeapon3_,ColdDamagePrefixOnWeapon2,ColdDamagePrefixOnWeapon1,,,,,,Wand
ICE WAND,PREFIX,#% increased Spell Damage,SpellDamageOnWeapon8_,SpellDamageOnWeapon7,SpellDamageOnWeapon6,SpellDamageOnWeapon5,SpellDamageOnWeapon4,SpellDamageOnWeapon3,SpellDamageOnWeapon2,SpellDamageOnWeapon1,,,,,,Wand
ICE WAND,PREFIX,"#% increased Spell Damage, # to maximum Mana",SpellDamageAndManaOnWeapon7,SpellDamageAndManaOnWeapon6,SpellDamageAndManaOnWeapon5,SpellDamageAndManaOnWeapon4,SpellDamageAndManaOnWeapon3,SpellDamageAndManaOnWeapon2,SpellDamageAndManaOnWeapon1,,,,,,,Wand
ICE WAND,PREFIX,# to maximum Mana,IncreasedMana11,IncreasedMana10,IncreasedMana9,IncreasedMana8,IncreasedMana7,IncreasedMana6,IncreasedMana5,IncreasedMana4,IncreasedMana3,IncreasedMana2,IncreasedMana1,,,Wand
ICE WAND,PREFIX,Gain #% of Damage as Extra Cold Damage,SpellDamageGainedAsCold6,SpellDamageGainedAsCold5,SpellDamageGainedAsCold4,SpellDamageGainedAsCold3,SpellDamageGainedAsCold2,SpellDamageGainedAsCold1,,,,,,,,Wand
ICE WAND,PREFIX,Gain #% of Damage as Extra Fire Damage,SpellDamageGainedAsFire6,SpellDamageGainedAsFire5,SpellDamageGainedAsFire4,SpellDamageGainedAsFire3,SpellDamageGainedAsFire2,SpellDamageGainedAsFire1,,,,,,,,Wand
ICE WAND,PREFIX,Gain #% of Damage as Extra Lightning Damage,SpellDamageGainedAsLightning6,SpellDamageGainedAsLightning5,SpellDamageGainedAsLightning4,SpellDamageGainedAsLightning3,SpellDamageGainedAsLightning2,SpellDamageGainedAsLightning1,,,,,,,,Wand
ICE WAND,SUFFIX,#% increased Cast Speed,IncreasedCastSpeed7,IncreasedCastSpeed6,IncreasedCastSpeed5,IncreasedCastSpeed4,IncreasedCastSpeed3,IncreasedCastSpeed2,IncreasedCastSpeed1,,,,,,,Wand
ICE WAND,SUFFIX,#% increased Freeze Buildup,FreezeDamageIncrease5,FreezeDamageIncrease4,FreezeDamageIncrease3,FreezeDamageIncrease2,FreezeDamageIncrease1,,,,,,,,,Wand
ICE WAND,SUFFIX,#% increased Critical Hit Chance for Spells,SpellCriticalStrikeChance6_,SpellCriticalStrikeChance5,SpellCriticalStrikeChance4,SpellCriticalStrikeChance3,SpellCriticalStrikeChance2,SpellCriticalStrikeChance1,,,,,,,,Wand
ICE WAND,SUFFIX,#% increased Critical Spell Damage Bonus,SpellCriticalStrikeMultiplier6,SpellCriticalStrikeMultiplier5,SpellCriticalStrikeMultiplier4,SpellCriticalStrikeMultiplier3,SpellCriticalStrikeMultiplier2,SpellCriticalStrikeMultiplier1,,,,,,,,Wand
ICE WAND,SUFFIX,"#% increased Mana Regeneration Rate, #% increased Light Radius",LightRadiusAndManaRegeneration3,LightRadiusAndManaRegeneration2,LightRadiusAndManaRegeneration1,,,,,,,,,,,Wand
ICE WAND,SUFFIX,#% increased Mana Regeneration Rate,ManaRegeneration6,ManaRegeneration5,ManaRegeneration4,ManaRegeneration3,ManaRegeneration2,ManaRegeneration1,,,,,,,,Wand
ICE WAND,SUFFIX,#% reduced Attribute Requirements,ReducedLocalAttributeRequirements5,ReducedLocalAttributeRequirements4,ReducedLocalAttributeRequirements3,ReducedLocalAttributeRequirements2,ReducedLocalAttributeRequirements1,,,,,,,,,Wand
ICE WAND,SUFFIX,# to Intelligence,Intelligence8,Intelligence7,Intelligence6,Intelligence5,Intelligence4,Intelligence3,Intelligence2,Intelligence1,,,,,,Wand
ICE WAND,SUFFIX,# to Level of all Cold Spell Skills,GlobalColdSpellGemsLevelWeapon5,GlobalColdSpellGemsLevelWeapon4,GlobalColdSpellGemsLevelWeapon3,GlobalColdSpellGemsLevelWeapon2,GlobalColdSpellGemsLevelWeapon1,,,,,,,,,Wand
ICE WAND,SUFFIX,# to Level of all Spell Skills,GlobalSpellGemsLevelWeapon4,GlobalSpellGemsLevelWeapon3,GlobalSpellGemsLevelWeapon2,GlobalSpellGemsLevelWeapon1,,,,,,,,,,Wand
ICE WAND,SUFFIX,Gain # Life per Enemy Killed,LifeGainedFromEnemyDeath8,LifeGainedFromEnemyDeath7,LifeGainedFromEnemyDeath6,LifeGainedFromEnemyDeath5,LifeGainedFromEnemyDeath4,LifeGainedFromEnemyDeath3,LifeGainedFromEnemyDeath2,LifeGainedFromEnemyDeath1,,,,,,Wand
ICE WAND,SUFFIX,Gain # Mana per Enemy Killed,ManaGainedFromEnemyDeath8,ManaGainedFromEnemyDeath7,ManaGainedFromEnemyDeath6,ManaGainedFromEnemyDeath5,ManaGainedFromEnemyDeath4,ManaGainedFromEnemyDeath3,ManaGainedFromEnemyDeath2,ManaGainedFromEnemyDeath1,,,,,,Wand
LIGHTNING WAND,PREFIX,#% increased Lightning Damage,LightningDamagePrefixOnWeapon8,LightningDamagePrefixOnWeapon7,LightningDamagePrefixOnWeapon6,LightningDamagePrefixOnWeapon5,LightningDamagePrefixOnWeapon4,LightningDamagePrefixOnWeapon3,LightningDamagePrefixOnWeapon2,LightningDamagePrefixOnWeapon1_,,,,,,Wand
LIGHTNING WAND,PREFIX,#% increased Spell Damage,SpellDamageOnWeapon8_,SpellDamageOnWeapon7,SpellDamageOnWeapon6,SpellDamageOnWeapon5,SpellDamageOnWeapon4,SpellDamageOnWeapon3,SpellDamageOnWeapon2,SpellDamageOnWeapon1,,,,,,Wand
LIGHTNING WAND,PREFIX,"#% increased Spell Damage, # to maximum Mana",SpellDamageAndManaOnWeapon7,SpellDamageAndManaOnWeapon6,SpellDamageAndManaOnWeapon5,SpellDamageAndManaOnWeapon4,SpellDamageAndManaOnWeapon3,SpellDamageAndManaOnWeapon2,SpellDamageAndManaOnWeapon1,,,,,,,Wand
LIGHTNING WAND,PREFIX,# to maximum Mana,IncreasedMana11,IncreasedMana10,IncreasedMana9,IncreasedMana8,IncreasedMana7,IncreasedMana6,IncreasedMana5,IncreasedMana4,IncreasedMana3,IncreasedMana2,IncreasedMana1,,,Wand
LIGHTNING WAND,PREFIX,Gain #% of Damage as Extra Cold Damage,SpellDamageGainedAsCold6,SpellDamageGainedAsCold5,SpellDamageGainedAsCold4,SpellDamageGainedAsCold3,SpellDamageGainedAsCold2,SpellDamageGainedAsCold1,,,,,,,,Wand
LIGHTNING WAND,PREFIX,Gain #% of Damage as Extra Fire Damage,SpellDamageGainedAsFire6,SpellDamageGainedAsFire5,SpellDamageGainedAsFire4,SpellDamageGainedAsFire3,SpellDamageGainedAsFire2,SpellDamageGainedAsFire1,,,,,,,,Wand
LIGHTNING WAND,PREFIX,Gain #% of Damage as Extra Lightning Damage,SpellDamageGainedAsLightning6,SpellDamageGainedAsLightning5,SpellDamageGainedAsLightning4,SpellDamageGainedAsLightning3,SpellDamageGainedAsLightning2,SpellDamageGainedAsLightning1,,,,,,,,Wand
LIGHTNING WAND,SUFFIX,#% increased Cast Speed,IncreasedCastSpeed7,IncreasedCastSpeed6,IncreasedCastSpeed5,IncreasedCastSpeed4,IncreasedCastSpeed3,IncreasedCastSpeed2,IncreasedCastSpeed1,,,,,,,Wand
LIGHTNING WAND,SUFFIX,#% increased chance to Shock,ShockChanceIncrease5,ShockChanceIncrease4,ShockChanceIncrease3,ShockChanceIncrease2,ShockChanceIncrease1,,,,,,,,,Wand
LIGHTNING WAND,SUFFIX,#% increased Critical Hit Chance for Spells,SpellCriticalStrikeChance6_,SpellCriticalStrikeChance5,SpellCriticalStrikeChance4,SpellCriticalStrikeChance3,SpellCriticalStrikeChance2,SpellCriticalStrikeChance1,,,,,,,,Wand
LIGHTNING WAND,SUFFIX,#% increased Critical Spell Damage Bonus,SpellCriticalStrikeMultiplier6,SpellCriticalStrikeMultiplier5,SpellCriticalStrikeMultiplier4,SpellCriticalStrikeMultiplier3,SpellCriticalStrikeMultiplier2,SpellCriticalStrikeMultiplier1,,,,,,,,Wand
LIGHTNING WAND,SUFFIX,"#% increased Mana Regeneration Rate, #% increased Light Radius",LightRadiusAndManaRegeneration3,LightRadiusAndManaRegeneration2,LightRadiusAndManaRegeneration1,,,,,,,,,,,Wand
LIGHTNING WAND,SUFFIX,#% increased Mana Regeneration Rate,ManaRegeneration6,ManaRegeneration5,ManaRegeneration4,ManaRegeneration3,ManaRegeneration2,ManaRegeneration1,,,,,,,,Wand
LIGHTNING WAND,SUFFIX,#% reduced Attribute Requirements,ReducedLocalAttributeRequirements5,ReducedLocalAttributeRequirements4,ReducedLocalAttributeRequirements3,ReducedLocalAttributeRequirements2,ReducedLocalAttributeRequirements1,,,,,,,,,Wand
LIGHTNING WAND,SUFFIX,# to Intelligence,Intelligence8,Intelligence7,Intelligence6,Intelligence5,Intelligence4,Intelligence3,Intelligence2,Intelligence1,,,,,,Wand
LIGHTNING WAND,SUFFIX,# to Level of all Lightning Spell Skills,GlobalLightningSpellGemsLevelWeapon5,GlobalLightningSpellGemsLevelWeapon4,GlobalLightningSpellGemsLevelWeapon3,GlobalLightningSpellGemsLevelWeapon2,GlobalLightningSpellGemsLevelWeapon1,,,,,,,,,Wand
LIGHTNING WAND,SUFFIX,# to Level of all Spell Skills,GlobalSpellGemsLevelWeapon4,GlobalSpellGemsLevelWeapon3,GlobalSpellGemsLevelWeapon2,GlobalSpellGemsLevelWeapon1,,,,,,,,,,Wand
LIGHTNING WAND,SUFFIX,Gain # Life per Enemy Killed,LifeGainedFromEnemyDeath8,LifeGainedFromEnemyDeath7,LifeGainedFromEnemyDeath6,LifeGainedFromEnemyDeath5,LifeGainedFromEnemyDeath4,LifeGainedFromEnemyDeath3,LifeGainedFromEnemyDeath2,LifeGainedFromEnemyDeath1,,,,,,Wand
LIGHTNING WAND,SUFFIX,Gain # Mana per Enemy Killed,ManaGainedFromEnemyDeath8,ManaGainedFromEnemyDeath7,ManaGainedFromEnemyDeath6,ManaGainedFromEnemyDeath5,ManaGainedFromEnemyDeath4,ManaGainedFromEnemyDeath3,ManaGainedFromEnemyDeath2,ManaGainedFromEnemyDeath1,,,,,,Wand
PHYSICAL WAND,PREFIX,#% increased Spell Physical Damage,PhysicalDamagePrefixOnWeapon8,PhysicalDamagePrefixOnWeapon7,PhysicalDamagePrefixOnWeapon6,PhysicalDamagePrefixOnWeapon5,PhysicalDamagePrefixOnWeapon4,PhysicalDamagePrefixOnWeapon3,PhysicalDamagePrefixOnWeapon2,PhysicalDamagePrefixOnWeapon1,,,,,,Wand
PHYSICAL WAND,PREFIX,#% increased Spell Damage,SpellDamageOnWeapon8_,SpellDamageOnWeapon7,SpellDamageOnWeapon6,SpellDamageOnWeapon5,SpellDamageOnWeapon4,SpellDamageOnWeapon3,SpellDamageOnWeapon2,SpellDamageOnWeapon1,,,,,,Wand
PHYSICAL WAND,PREFIX,"#% increased Spell Damage, # to maximum Mana",SpellDamageAndManaOnWeapon7,SpellDamageAndManaOnWeapon6,SpellDamageAndManaOnWeapon5,SpellDamageAndManaOnWeapon4,SpellDamageAndManaOnWeapon3,SpellDamageAndManaOnWeapon2,SpellDamageAndManaOnWeapon1,,,,,,,Wand
PHYSICAL WAND,PREFIX,# to maximum Mana,IncreasedMana11,IncreasedMana10,IncreasedMana9,IncreasedMana8,IncreasedMana7,IncreasedMana6,IncreasedMana5,IncreasedMana4,IncreasedMana3,IncreasedMana2,IncreasedMana1,,,Wand
PHYSICAL WAND,PREFIX,Gain #% of Damage as Extra Cold Damage,SpellDamageGainedAsCold6,SpellDamageGainedAsCold5,SpellDamageGainedAsCold4,SpellDamageGainedAsCold3,SpellDamageGainedAsCold2,SpellDamageGainedAsCold1,,,,,,,,Wand
PHYSICAL WAND,PREFIX,Gain #% of Damage as Extra Fire Damage,SpellDamageGainedAsFire6,SpellDamageGainedAsFire5,SpellDamageGainedAsFire4,SpellDamageGainedAsFire3,SpellDamageGainedAsFire2,SpellDamageGainedAsFire1,,,,,,,,Wand
PHYSICAL WAND,PREFIX,Gain #% of Damage as Extra Lightning Damage,SpellDamageGainedAsLightning6,SpellDamageGainedAsLightning5,SpellDamageGainedAsLightning4,SpellDamageGainedAsLightning3,SpellDamageGainedAsLightning2,SpellDamageGainedAsLightning1,,,,,,,,Wand
PHYSICAL WAND,SUFFIX,#% increased Cast Speed,IncreasedCastSpeed7,IncreasedCastSpeed6,IncreasedCastSpeed5,IncreasedCastSpeed4,IncreasedCastSpeed3,IncreasedCastSpeed2,IncreasedCastSpeed1,,,,,,,Wand
PHYSICAL WAND,SUFFIX,#% increased Critical Hit Chance for Spells,SpellCriticalStrikeChance6_,SpellCriticalStrikeChance5,SpellCriticalStrikeChance4,SpellCriticalStrikeChance3,SpellCriticalStrikeChance2,SpellCriticalStrikeChance1,,,,,,,,Wand
PHYSICAL WAND,SUFFIX,#% increased Critical Spell Damage Bonus,SpellCriticalStrikeMultiplier6,SpellCriticalStrikeMultiplier5,SpellCriticalStrikeMultiplier4,SpellCriticalStrikeMultiplier3,SpellCriticalStrikeMultiplier2,SpellCriticalStrikeMultiplier1,,,,,,,,Wand
PHYSICAL WAND,SUFFIX,"#% increased Mana Regeneration Rate, #% increased Light Radius",LightRadiusAndManaRegeneration3,LightRadiusAndManaRegeneration2,LightRadiusAndManaRegeneration1,,,,,,,,,,,Wand
PHYSICAL WAND,SUFFIX,#% increased Mana Regeneration Rate,ManaRegeneration6,ManaRegeneration5,ManaRegeneration4,ManaRegeneration3,ManaRegeneration2,ManaRegeneration1,,,,,,,,Wand
PHYSICAL WAND,SUFFIX,#% reduced Attribute Requirements,ReducedLocalAttributeRequirements5,ReducedLocalAttributeRequirements4,ReducedLocalAttributeRequirements3,ReducedLocalAttributeRequirements2,ReducedLocalAttributeRequirements1,,,,,,,,,Wand
PHYSICAL WAND,SUFFIX,# to Intelligence,Intelligence8,Intelligence7,Intelligence6,Intelligence5,Intelligence4,Intelligence3,Intelligence2,Intelligence1,,,,,,Wand
PHYSICAL WAND,SUFFIX,# to Level of all Physical Spell Skills,GlobalPhysicalSpellGemsLevelWeapon5,GlobalPhysicalSpellGemsLevelWeapon4,GlobalPhysicalSpellGemsLevelWeapon3,GlobalPhysicalSpellGemsLevelWeapon2,GlobalPhysicalSpellGemsLevelWeapon1,,,,,,,,,Wand
PHYSICAL WAND,SUFFIX,# to Level of all Spell Skills,GlobalSpellGemsLevelWeapon4,GlobalSpellGemsLevelWeapon3,GlobalSpellGemsLevelWeapon2,GlobalSpellGemsLevelWeapon1,,,,,,,,,,Wand
PHYSICAL WAND,SUFFIX,Gain # Life per Enemy Killed,LifeGainedFromEnemyDeath8,LifeGainedFromEnemyDeath7,LifeGainedFromEnemyDeath6,LifeGainedFromEnemyDeath5,LifeGainedFromEnemyDeath4,LifeGainedFromEnemyDeath3,LifeGainedFromEnemyDeath2,LifeGainedFromEnemyDeath1,,,,,,Wand
PHYSICAL WAND,SUFFIX,Gain # Mana per Enemy Killed,ManaGainedFromEnemyDeath8,ManaGainedFromEnemyDeath7,ManaGainedFromEnemyDeath6,ManaGainedFromEnemyDeath5,ManaGainedFromEnemyDeath4,ManaGainedFromEnemyDeath3,ManaGainedFromEnemyDeath2,ManaGainedFromEnemyDeath1,,,,,,Wand
CHAOS WAND,PREFIX,#% increased Chaos Damage,ChaosDamagePrefixOnWeapon8,ChaosDamagePrefixOnWeapon7,ChaosDamagePrefixOnWeapon6,ChaosDamagePrefixOnWeapon5,ChaosDamagePrefixOnWeapon4,ChaosDamagePrefixOnWeapon3,ChaosDamagePrefixOnWeapon2,ChaosDamagePrefixOnWeapon1,,,,,,Wand
CHAOS WAND,PREFIX,#% increased Spell Damage,SpellDamageOnWeapon8_,SpellDamageOnWeapon7,SpellDamageOnWeapon6,SpellDamageOnWeapon5,SpellDamageOnWeapon4,SpellDamageOnWeapon3,SpellDamageOnWeapon2,SpellDamageOnWeapon1,,,,,,Wand
CHAOS WAND,PREFIX,"#% increased Spell Damage, # to maximum Mana",SpellDamageAndManaOnWeapon7,SpellDamageAndManaOnWeapon6,SpellDamageAndManaOnWeapon5,SpellDamageAndManaOnWeapon4,SpellDamageAndManaOnWeapon3,SpellDamageAndManaOnWeapon2,SpellDamageAndManaOnWeapon1,,,,,,,Wand
CHAOS WAND,PREFIX,# to maximum Mana,IncreasedMana11,IncreasedMana10,IncreasedMana9,IncreasedMana8,IncreasedMana7,IncreasedMana6,IncreasedMana5,IncreasedMana4,IncreasedMana3,IncreasedMana2,IncreasedMana1,,,Wand
CHAOS WAND,PREFIX,Gain #% of Damage as Extra Cold Damage,SpellDamageGainedAsCold6,SpellDamageGainedAsCold5,SpellDamageGainedAsCold4,SpellDamageGainedAsCold3,SpellDamageGainedAsCold2,SpellDamageGainedAsCold1,,,,,,,,Wand
CHAOS WAND,PREFIX,Gain #% of Damage as Extra Fire Damage,SpellDamageGainedAsFire6,SpellDamageGainedAsFire5,SpellDamageGainedAsFire4,SpellDamageGainedAsFire3,SpellDamageGainedAsFire2,SpellDamageGainedAsFire1,,,,,,,,Wand
CHAOS WAND,PREFIX,Gain #% of Damage as Extra Lightning Damage,SpellDamageGainedAsLightning6,SpellDamageGainedAsLightning5,SpellDamageGainedAsLightning4,SpellDamageGainedAsLightning3,SpellDamageGainedAsLightning2,SpellDamageGainedAsLightning1,,,,,,,,Wand
CHAOS WAND,SUFFIX,#% increased Cast Speed,IncreasedCastSpeed7,IncreasedCastSpeed6,IncreasedCastSpeed5,IncreasedCastSpeed4,IncreasedCastSpeed3,IncreasedCastSpeed2,IncreasedCastSpeed1,,,,,,,Wand
CHAOS WAND,SUFFIX,#% increased Critical Hit Chance for Spells,SpellCriticalStrikeChance6_,SpellCriticalStrikeChance5,SpellCriticalStrikeChance4,SpellCriticalStrikeChance3,SpellCriticalStrikeChance2,SpellCriticalStrikeChance1,,,,,,,,Wand
CHAOS WAND,SUFFIX,#% increased Critical Spell Damage Bonus,SpellCriticalStrikeMultiplier6,SpellCriticalStrikeMultiplier5,SpellCriticalStrikeMultiplier4,SpellCriticalStrikeMultiplier3,SpellCriticalStrikeMultiplier2,SpellCriticalStrikeMultiplier1,,,,,,,,Wand
CHAOS WAND,SUFFIX,"#% increased Mana Regeneration Rate, #% increased Light Radius",LightRadiusAndManaRegeneration3,LightRadiusAndManaRegeneration2,LightRadiusAndManaRegeneration1,,,,,,,,,,,Wand
CHAOS WAND,SUFFIX,#% increased Mana Regeneration Rate,ManaRegeneration6,ManaRegeneration5,ManaRegeneration4,ManaRegeneration3,ManaRegeneration2,ManaRegeneration1,,,,,,,,Wand
CHAOS WAND,SUFFIX,#% reduced Attribute Requirements,ReducedLocalAttributeRequirements5,ReducedLocalAttributeRequirements4,ReducedLocalAttributeRequirements3,ReducedLocalAttributeRequirements2,ReducedLocalAttributeRequirements1,,,,,,,,,Wand
CHAOS WAND,SUFFIX,# to Intelligence,Intelligence8,Intelligence7,Intelligence6,Intelligence5,Intelligence4,Intelligence3,Intelligence2,Intelligence1,,,,,,Wand
CHAOS WAND,SUFFIX,# to Level of all Chaos Spell Skills,GlobalChaosSpellGemsLevelWeapon5,GlobalChaosSpellGemsLevelWeapon4,GlobalChaosSpellGemsLevelWeapon3,GlobalChaosSpellGemsLevelWeapon2,GlobalChaosSpellGemsLevelWeapon1,,,,,,,,,Wand
CHAOS WAND,SUFFIX,# to Level of all Spell Skills,GlobalSpellGemsLevelWeapon4,GlobalSpellGemsLevelWeapon3,GlobalSpellGemsLevelWeapon2,GlobalSpellGemsLevelWeapon1,,,,,,,,,,Wand
CHAOS WAND,SUFFIX,Gain # Life per Enemy Killed,LifeGainedFromEnemyDeath8,LifeGainedFromEnemyDeath7,LifeGainedFromEnemyDeath6,LifeGainedFromEnemyDeath5,LifeGainedFromEnemyDeath4,LifeGainedFromEnemyDeath3,LifeGainedFromEnemyDeath2,LifeGainedFromEnemyDeath1,,,,,,Wand
CHAOS WAND,SUFFIX,Gain # Mana per Enemy Killed,ManaGainedFromEnemyDeath8,ManaGainedFromEnemyDeath7,ManaGainedFromEnemyDeath6,ManaGainedFromEnemyDeath5,ManaGainedFromEnemyDeath4,ManaGainedFromEnemyDeath3,ManaGainedFromEnemyDeath2,ManaGainedFromEnemyDeath1,,,,,,Wand
STAFF,PREFIX,#% increased Chaos Damage,ChaosDamagePrefixOnTwoHandWeapon8,ChaosDamagePrefixOnTwoHandWeapon7,ChaosDamagePrefixOnTwoHandWeapon6,ChaosDamagePrefixOnTwoHandWeapon5,ChaosDamagePrefixOnTwoHandWeapon4,ChaosDamagePrefixOnTwoHandWeapon3,ChaosDamagePrefixOnTwoHandWeapon2,ChaosDamagePrefixOnTwoHandWeapon1,,,,,,Staff
STAFF,PREFIX,#% increased Cold Damage,ColdDamagePrefixOnTwoHandWeapon8,ColdDamagePrefixOnTwoHandWeapon7,ColdDamagePrefixOnTwoHandWeapon6,ColdDamagePrefixOnTwoHandWeapon5_,ColdDamagePrefixOnTwoHandWeapon4_,ColdDamagePrefixOnTwoHandWeapon3,ColdDamagePrefixOnTwoHandWeapon2,ColdDamagePrefixOnTwoHandWeapon1,,,,,,Staff
STAFF,PREFIX,#% increased Fire Damage,FireDamagePrefixOnTwoHandWeapon8_,FireDamagePrefixOnTwoHandWeapon7,FireDamagePrefixOnTwoHandWeapon6,FireDamagePrefixOnTwoHandWeapon5,FireDamagePrefixOnTwoHandWeapon4,FireDamagePrefixOnTwoHandWeapon3,FireDamagePrefixOnTwoHandWeapon2___,FireDamagePrefixOnTwoHandWeapon1,,,,,,Staff
STAFF,PREFIX,#% increased Lightning Damage,LightningDamagePrefixOnTwoHandWeapon8,LightningDamagePrefixOnTwoHandWeapon7,LightningDamagePrefixOnTwoHandWeapon6,LightningDamagePrefixOnTwoHandWeapon5,LightningDamagePrefixOnTwoHandWeapon4,LightningDamagePrefixOnTwoHandWeapon3,LightningDamagePrefixOnTwoHandWeapon2,LightningDamagePrefixOnTwoHandWeapon1,,,,,,Staff
STAFF,PREFIX,#% increased Spell Damage,SpellDamageOnTwoHandWeapon8,SpellDamageOnTwoHandWeapon7,SpellDamageOnTwoHandWeapon6,SpellDamageOnTwoHandWeapon5,SpellDamageOnTwoHandWeapon4,SpellDamageOnTwoHandWeapon3,SpellDamageOnTwoHandWeapon2,SpellDamageOnTwoHandWeapon1,,,,,,Staff
STAFF,PREFIX,"#% increased Spell Damage, # to maximum Mana",SpellDamageAndManaOnTwoHandWeapon7,SpellDamageAndManaOnTwoHandWeapon6,SpellDamageAndManaOnTwoHandWeapon5,SpellDamageAndManaOnTwoHandWeapon4,SpellDamageAndManaOnTwoHandWeapon3,SpellDamageAndManaOnTwoHandWeapon2,SpellDamageAndManaOnTwoHandWeapon1,,,,,,,Staff
STAFF,PREFIX,#% increased Spell Physical Damage,PhysicalDamagePrefixOnTwoHandWeapon8,PhysicalDamagePrefixOnTwoHandWeapon7,PhysicalDamagePrefixOnTwoHandWeapon6,PhysicalDamagePrefixOnTwoHandWeapon5,PhysicalDamagePrefixOnTwoHandWeapon4,PhysicalDamagePrefixOnTwoHandWeapon3,PhysicalDamagePrefixOnTwoHandWeapon2,PhysicalDamagePrefixOnTwoHandWeapon1,,,,,,Staff
STAFF,PREFIX,# to maximum Mana,IncreasedManaTwoHandWeapon11,IncreasedManaTwoHandWeapon10,IncreasedManaTwoHandWeapon9,IncreasedManaTwoHandWeapon8_,IncreasedManaTwoHandWeapon7,IncreasedManaTwoHandWeapon6,IncreasedManaTwoHandWeapon5,IncreasedManaTwoHandWeapon4,IncreasedManaTwoHandWeapon3_,IncreasedManaTwoHandWeapon2_,IncreasedManaTwoHandWeapon1,,,Staff
STAFF,PREFIX,Gain #% of Damage as Extra Cold Damage,SpellDamageGainedAsColdTwoHand6,SpellDamageGainedAsColdTwoHand5,SpellDamageGainedAsColdTwoHand4,SpellDamageGainedAsColdTwoHand3,SpellDamageGainedAsColdTwoHand2,SpellDamageGainedAsColdTwoHand1,,,,,,,,Staff
STAFF,PREFIX,Gain #% of Damage as Extra Fire Damage,SpellDamageGainedAsFireTwoHand6,SpellDamageGainedAsFireTwoHand5,SpellDamageGainedAsFireTwoHand4,SpellDamageGainedAsFireTwoHand3,SpellDamageGainedAsFireTwoHand2,SpellDamageGainedAsFireTwoHand1,,,,,,,,Staff
STAFF,PREFIX,Gain #% of Damage as Extra Lightning Damage,SpellDamageGainedAsLightningTwoHand6,SpellDamageGainedAsLightningTwoHand5,SpellDamageGainedAsLightningTwoHand4,SpellDamageGainedAsLightningTwoHand3,SpellDamageGainedAsLightningTwoHand2,SpellDamageGainedAsLightningTwoHand1,,,,,,,,Staff
STAFF,SUFFIX,#% increased Cast Speed,IncreasedCastSpeedTwoHand7,IncreasedCastSpeedTwoHand6,IncreasedCastSpeedTwoHand5,IncreasedCastSpeedTwoHand4,IncreasedCastSpeedTwoHand3,IncreasedCastSpeedTwoHand2,IncreasedCastSpeedTwoHand1_,,,,,,,Staff
STAFF,SUFFIX,#% increased Flammability Magnitude,IgniteChanceIncrease5,IgniteChanceIncrease4,IgniteChanceIncrease3,IgniteChanceIncrease2,IgniteChanceIncrease1,,,,,,,,,Staff
STAFF,SUFFIX,#% increased chance to Shock,ShockChanceIncrease5,ShockChanceIncrease4,ShockChanceIncrease3,ShockChanceIncrease2,ShockChanceIncrease1,,,,,,,,,Staff
STAFF,SUFFIX,#% increased Critical Hit Chance for Spells,SpellCriticalStrikeChanceTwoHand6,SpellCriticalStrikeChanceTwoHand5,SpellCriticalStrikeChanceTwoHand4,SpellCriticalStrikeChanceTwoHand3,SpellCriticalStrikeChanceTwoHand2,SpellCriticalStrikeChanceTwoHand1,,,,,,,,Staff
STAFF,SUFFIX,#% increased Critical Spell Damage Bonus,SpellCriticalStrikeMultiplierTwoHand6,SpellCriticalStrikeMultiplierTwoHand5,SpellCriticalStrikeMultiplierTwoHand4,SpellCriticalStrikeMultiplierTwoHand3,SpellCriticalStrikeMultiplierTwoHand2,SpellCriticalStrikeMultiplierTwoHand1,,,,,,,,Staff
STAFF,SUFFIX,#% increased Freeze Buildup,FreezeDamageIncrease5,FreezeDamageIncrease4,FreezeDamageIncrease3,FreezeDamageIncrease2,FreezeDamageIncrease1,,,,,,,,,Staff
STAFF,SUFFIX,"#% increased Mana Regeneration Rate, #% increased Light Radius",LightRadiusAndManaRegeneration3,LightRadiusAndManaRegeneration2,LightRadiusAndManaRegeneration1,,,,,,,,,,,Staff
STAFF,SUFFIX,#% increased Mana Regeneration Rate,ManaRegenerationTwoHand6,ManaRegenerationTwoHand5,ManaRegenerationTwoHand4,ManaRegenerationTwoHand3,ManaRegenerationTwoHand2,ManaRegenerationTwoHand1,,,,,,,,Staff
STAFF,SUFFIX,#% reduced Attribute Requirements,ReducedLocalAttributeRequirements5,ReducedLocalAttributeRequirements4,ReducedLocalAttributeRequirements3,ReducedLocalAttributeRequirements2,ReducedLocalAttributeRequirements1,,,,,,,,,Staff
STAFF,SUFFIX,# to Intelligence,Intelligence8,Intelligence7,Intelligence6,Intelligence5,Intelligence4,Intelligence3,Intelligence2,Intelligence1,,,,,,Staff
STAFF,SUFFIX,# to Level of all Chaos Spell Skills,GlobalChaosSpellGemsLevelTwoHandWeapon5,GlobalChaosSpellGemsLevelTwoHandWeapon4,GlobalChaosSpellGemsLevelTwoHandWeapon3,GlobalChaosSpellGemsLevelTwoHandWeapon2,GlobalChaosSpellGemsLevelTwoHandWeapon1,,,,,,,,,Staff
STAFF,SUFFIX,# to Level of all Cold Spell Skills,GlobalColdSpellGemsLevelTwoHandWeapon5,GlobalColdSpellGemsLevelTwoHandWeapon4,GlobalColdSpellGemsLevelTwoHandWeapon3,GlobalColdSpellGemsLevelTwoHandWeapon2,GlobalColdSpellGemsLevelTwoHandWeapon1,,,,,,,,,Staff
STAFF,SUFFIX,# to Level of all Fire Spell Skills,GlobalFireSpellGemsLevelTwoHandWeapon5,GlobalFireSpellGemsLevelTwoHandWeapon4,GlobalFireSpellGemsLevelTwoHandWeapon3,GlobalFireSpellGemsLevelTwoHandWeapon2,GlobalFireSpellGemsLevelTwoHandWeapon1,,,,,,,,,Staff
STAFF,SUFFIX,# to Level of all Lightning Spell Skills,GlobalLightningSpellGemsLevelTwoHandWeapon5,GlobalLightningSpellGemsLevelTwoHandWeapon4,GlobalLightningSpellGemsLevelTwoHandWeapon3,GlobalLightningSpellGemsLevelTwoHandWeapon2,GlobalLightningSpellGemsLevelTwoHandWeapon1,,,,,,,,,Staff
STAFF,SUFFIX,# to Level of all Physical Spell Skills,GlobalPhysicalSpellGemsLevelTwoHandWeapon5,GlobalPhysicalSpellGemsLevelTwoHandWeapon4,GlobalPhysicalSpellGemsLevelTwoHandWeapon3,GlobalPhysicalSpellGemsLevelTwoHandWeapon2,GlobalPhysicalSpellGemsLevelTwoHandWeapon1,,,,,,,,,Staff
STAFF,SUFFIX,# to Level of all Spell Skills,GlobalSpellGemsLevelTwoHandWeapon4,GlobalSpellGemsLevelTwoHandWeapon3,GlobalSpellGemsLevelTwoHandWeapon2,GlobalSpellGemsLevelTwoHandWeapon1,,,,,,,,,,Staff
STAFF,SUFFIX,Gain # Life per Enemy Killed,LifeGainedFromEnemyDeath8,LifeGainedFromEnemyDeath7,LifeGainedFromEnemyDeath6,LifeGainedFromEnemyDeath5,LifeGainedFromEnemyDeath4,LifeGainedFromEnemyDeath3,LifeGainedFromEnemyDeath2,LifeGainedFromEnemyDeath1,,,,,,Staff
STAFF,SUFFIX,Gain # Mana per Enemy Killed,ManaGainedFromEnemyDeath8,ManaGainedFromEnemyDeath7,ManaGainedFromEnemyDeath6,ManaGainedFromEnemyDeath5,ManaGainedFromEnemyDeath4,ManaGainedFromEnemyDeath3,ManaGainedFromEnemyDeath2,ManaGainedFromEnemyDeath1,,,,,,Staff
FIRE STAFF,PREFIX,#% increased Fire Damage,FireDamagePrefixOnTwoHandWeapon8_,FireDamagePrefixOnTwoHandWeapon7,FireDamagePrefixOnTwoHandWeapon6,FireDamagePrefixOnTwoHandWeapon5,FireDamagePrefixOnTwoHandWeapon4,FireDamagePrefixOnTwoHandWeapon3,FireDamagePrefixOnTwoHandWeapon2___,FireDamagePrefixOnTwoHandWeapon1,,,,,,Staff
FIRE STAFF,PREFIX,#% increased Spell Damage,SpellDamageOnTwoHandWeapon8,SpellDamageOnTwoHandWeapon7,SpellDamageOnTwoHandWeapon6,SpellDamageOnTwoHandWeapon5,SpellDamageOnTwoHandWeapon4,SpellDamageOnTwoHandWeapon3,SpellDamageOnTwoHandWeapon2,SpellDamageOnTwoHandWeapon1,,,,,,Staff
FIRE STAFF,PREFIX,"#% increased Spell Damage, # to maximum Mana",SpellDamageAndManaOnTwoHandWeapon7,SpellDamageAndManaOnTwoHandWeapon6,SpellDamageAndManaOnTwoHandWeapon5,SpellDamageAndManaOnTwoHandWeapon4,SpellDamageAndManaOnTwoHandWeapon3,SpellDamageAndManaOnTwoHandWeapon2,SpellDamageAndManaOnTwoHandWeapon1,,,,,,,Staff
FIRE STAFF,PREFIX,# to maximum Mana,IncreasedManaTwoHandWeapon11,IncreasedManaTwoHandWeapon10,IncreasedManaTwoHandWeapon9,IncreasedManaTwoHandWeapon8_,IncreasedManaTwoHandWeapon7,IncreasedManaTwoHandWeapon6,IncreasedManaTwoHandWeapon5,IncreasedManaTwoHandWeapon4,IncreasedManaTwoHandWeapon3_,IncreasedManaTwoHandWeapon2_,IncreasedManaTwoHandWeapon1,,,Staff
FIRE STAFF,PREFIX,Gain #% of Damage as Extra Cold Damage,SpellDamageGainedAsColdTwoHand6,SpellDamageGainedAsColdTwoHand5,SpellDamageGainedAsColdTwoHand4,SpellDamageGainedAsColdTwoHand3,SpellDamageGainedAsColdTwoHand2,SpellDamageGainedAsColdTwoHand1,,,,,,,,Staff
FIRE STAFF,PREFIX,Gain #% of Damage as Extra Fire Damage,SpellDamageGainedAsFireTwoHand6,SpellDamageGainedAsFireTwoHand5,SpellDamageGainedAsFireTwoHand4,SpellDamageGainedAsFireTwoHand3,SpellDamageGainedAsFireTwoHand2,SpellDamageGainedAsFireTwoHand1,,,,,,,,Staff
FIRE STAFF,PREFIX,Gain #% of Damage as Extra Lightning Damage,SpellDamageGainedAsLightningTwoHand6,SpellDamageGainedAsLightningTwoHand5,SpellDamageGainedAsLightningTwoHand4,SpellDamageGainedAsLightningTwoHand3,SpellDamageGainedAsLightningTwoHand2,SpellDamageGainedAsLightningTwoHand1,,,,,,,,Staff
FIRE STAFF,SUFFIX,#% increased Cast Speed,IncreasedCastSpeedTwoHand7,IncreasedCastSpeedTwoHand6,IncreasedCastSpeedTwoHand5,IncreasedCastSpeedTwoHand4,IncreasedCastSpeedTwoHand3,IncreasedCastSpeedTwoHand2,IncreasedCastSpeedTwoHand1_,,,,,,,Staff
FIRE STAFF,SUFFIX,#% increased Flammability Magnitude,IgniteChanceIncrease5,IgniteChanceIncrease4,IgniteChanceIncrease3,IgniteChanceIncrease2,IgniteChanceIncrease1,,,,,,,,,Staff
FIRE STAFF,SUFFIX,#% increased Critical Hit Chance for Spells,SpellCriticalStrikeChanceTwoHand6,SpellCriticalStrikeChanceTwoHand5,SpellCriticalStrikeChanceTwoHand4,SpellCriticalStrikeChanceTwoHand3,SpellCriticalStrikeChanceTwoHand2,SpellCriticalStrikeChanceTwoHand1,,,,,,,,Staff
FIRE STAFF,SUFFIX,#% increased Critical Spell Damage Bonus,SpellCriticalStrikeMultiplierTwoHand6,SpellCriticalStrikeMultiplierTwoHand5,SpellCriticalStrikeMultiplierTwoHand4,SpellCriticalStrikeMultiplierTwoHand3,SpellCriticalStrikeMultiplierTwoHand2,SpellCriticalStrikeMultiplierTwoHand1,,,,,,,,Staff
FIRE STAFF,SUFFIX,"#% increased Mana Regeneration Rate, #% increased Light Radius",LightRadiusAndManaRegeneration3,LightRadiusAndManaRegeneration2,LightRadiusAndManaRegeneration1,,,,,,,,,,,Staff
FIRE STAFF,SUFFIX,#% increased Mana Regeneration Rate,ManaRegenerationTwoHand6,ManaRegenerationTwoHand5,ManaRegenerationTwoHand4,ManaRegenerationTwoHand3,ManaRegenerationTwoHand2,ManaRegenerationTwoHand1,,,,,,,,Staff
FIRE STAFF,SUFFIX,#% reduced Attribute Requirements,ReducedLocalAttributeRequirements5,ReducedLocalAttributeRequirements4,ReducedLocalAttributeRequirements3,ReducedLocalAttributeRequirements2,ReducedLocalAttributeRequirements1,,,,,,,,,Staff
FIRE STAFF,SUFFIX,# to Intelligence,Intelligence8,Intelligence7,Intelligence6,Intelligence5,Intelligence4,Intelligence3,Intelligence2,Intelligence1,,,,,,Staff
FIRE STAFF,SUFFIX,# to Level of all Fire Spell Skills,GlobalFireSpellGemsLevelTwoHandWeapon5,GlobalFireSpellGemsLevelTwoHandWeapon4,GlobalFireSpellGemsLevelTwoHandWeapon3,GlobalFireSpellGemsLevelTwoHandWeapon2,GlobalFireSpellGemsLevelTwoHandWeapon1,,,,,,,,,Staff
FIRE STAFF,SUFFIX,# to Level of all Spell Skills,GlobalSpellGemsLevelTwoHandWeapon4,GlobalSpellGemsLevelTwoHandWeapon3,GlobalSpellGemsLevelTwoHandWeapon2,GlobalSpellGemsLevelTwoHandWeapon1,,,,,,,,,,Staff
FIRE STAFF,SUFFIX,Gain # Life per Enemy Killed,LifeGainedFromEnemyDeath8,LifeGainedFromEnemyDeath7,LifeGainedFromEnemyDeath6,LifeGainedFromEnemyDeath5,LifeGainedFromEnemyDeath4,LifeGainedFromEnemyDeath3,LifeGainedFromEnemyDeath2,LifeGainedFromEnemyDeath1,,,,,,Staff
FIRE STAFF,SUFFIX,Gain # Mana per Enemy Killed,ManaGainedFromEnemyDeath8,ManaGainedFromEnemyDeath7,ManaGainedFromEnemyDeath6,ManaGainedFromEnemyDeath5,ManaGainedFromEnemyDeath4,ManaGainedFromEnemyDeath3,ManaGainedFromEnemyDeath2,ManaGainedFromEnemyDeath1,,,,,,Staff
ICE STAFF,PREFIX,#% increased Cold Damage,ColdDamagePrefixOnTwoHandWeapon8,ColdDamagePrefixOnTwoHandWeapon7,ColdDamagePrefixOnTwoHandWeapon6,ColdDamagePrefixOnTwoHandWeapon5_,ColdDamagePrefixOnTwoHandWeapon4_,ColdDamagePrefixOnTwoHandWeapon3,ColdDamagePrefixOnTwoHandWeapon2,ColdDamagePrefixOnTwoHandWeapon1,,,,,,Staff
ICE STAFF,PREFIX,#% increased Spell Damage,SpellDamageOnTwoHandWeapon8,SpellDamageOnTwoHandWeapon7,SpellDamageOnTwoHandWeapon6,SpellDamageOnTwoHandWeapon5,SpellDamageOnTwoHandWeapon4,SpellDamageOnTwoHandWeapon3,SpellDamageOnTwoHandWeapon2,SpellDamageOnTwoHandWeapon1,,,,,,Staff
ICE STAFF,PREFIX,"#% increased Spell Damage, # to maximum Mana",SpellDamageAndManaOnTwoHandWeapon7,SpellDamageAndManaOnTwoHandWeapon6,SpellDamageAndManaOnTwoHandWeapon5,SpellDamageAndManaOnTwoHandWeapon4,SpellDamageAndManaOnTwoHandWeapon3,SpellDamageAndManaOnTwoHandWeapon2,SpellDamageAndManaOnTwoHandWeapon1,,,,,,,Staff
ICE STAFF,PREFIX,# to maximum Mana,IncreasedManaTwoHandWeapon11,IncreasedManaTwoHandWeapon10,IncreasedManaTwoHandWeapon9,IncreasedManaTwoHandWeapon8_,IncreasedManaTwoHandWeapon7,IncreasedManaTwoHandWeapon6,IncreasedManaTwoHandWeapon5,IncreasedManaTwoHandWeapon4,IncreasedManaTwoHandWeapon3_,IncreasedManaTwoHandWeapon2_,IncreasedManaTwoHandWeapon1,,,Staff
ICE STAFF,PREFIX,Gain #% of Damage as Extra Cold Damage,SpellDamageGainedAsColdTwoHand6,SpellDamageGainedAsColdTwoHand5,SpellDamageGainedAsColdTwoHand4,SpellDamageGainedAsColdTwoHand3,SpellDamageGainedAsColdTwoHand2,SpellDamageGainedAsColdTwoHand1,,,,,,,,Staff
ICE STAFF,PREFIX,Gain #% of Damage as Extra Fire Damage,SpellDamageGainedAsFireTwoHand6,SpellDamageGainedAsFireTwoHand5,SpellDamageGainedAsFireTwoHand4,SpellDamageGainedAsFireTwoHand3,SpellDamageGainedAsFireTwoHand2,SpellDamageGainedAsFireTwoHand1,,,,,,,,Staff
ICE STAFF,PREFIX,Gain #% of Damage as Extra Lightning Damage,SpellDamageGainedAsLightningTwoHand6,SpellDamageGainedAsLightningTwoHand5,SpellDamageGainedAsLightningTwoHand4,SpellDamageGainedAsLightningTwoHand3,SpellDamageGainedAsLightningTwoHand2,SpellDamageGainedAsLightningTwoHand1,,,,,,,,Staff
ICE STAFF,SUFFIX,#% increased Cast Speed,IncreasedCastSpeedTwoHand7,IncreasedCastSpeedTwoHand6,IncreasedCastSpeedTwoHand5,IncreasedCastSpeedTwoHand4,IncreasedCastSpeedTwoHand3,IncreasedCastSpeedTwoHand2,IncreasedCastSpeedTwoHand1_,,,,,,,Staff
ICE STAFF,SUFFIX,#% increased Freeze Buildup,FreezeDamageIncrease5,FreezeDamageIncrease4,FreezeDamageIncrease3,FreezeDamageIncrease2,FreezeDamageIncrease1,,,,,,,,,Staff
ICE STAFF,SUFFIX,#% increased Critical Hit Chance for Spells,SpellCriticalStrikeChanceTwoHand6,SpellCriticalStrikeChanceTwoHand5,SpellCriticalStrikeChanceTwoHand4,SpellCriticalStrikeChanceTwoHand3,SpellCriticalStrikeChanceTwoHand2,SpellCriticalStrikeChanceTwoHand1,,,,,,,,Staff
ICE STAFF,SUFFIX,#% increased Critical Spell Damage Bonus,SpellCriticalStrikeMultiplierTwoHand6,SpellCriticalStrikeMultiplierTwoHand5,SpellCriticalStrikeMultiplierTwoHand4,SpellCriticalStrikeMultiplierTwoHand3,SpellCriticalStrikeMultiplierTwoHand2,SpellCriticalStrikeMultiplierTwoHand1,,,,,,,,Staff
ICE STAFF,SUFFIX,"#% increased Mana Regeneration Rate, #% increased Light Radius",LightRadiusAndManaRegeneration3,LightRadiusAndManaRegeneration2,LightRadiusAndManaRegeneration1,,,,,,,,,,,Staff
ICE STAFF,SUFFIX,#% increased Mana Regeneration Rate,ManaRegenerationTwoHand6,ManaRegenerationTwoHand5,ManaRegenerationTwoHand4,ManaRegenerationTwoHand3,ManaRegenerationTwoHand2,ManaRegenerationTwoHand1,,,,,,,,Staff
ICE STAFF,SUFFIX,#% reduced Attribute Requirements,ReducedLocalAttributeRequirements5,ReducedLocalAttributeRequirements4,ReducedLocalAttributeRequirements3,ReducedLocalAttributeRequirements2,ReducedLocalAttributeRequirements1,,,,,,,,,Staff
ICE STAFF,SUFFIX,# to Intelligence,Intelligence8,Intelligence7,Intelligence6,Intelligence5,Intelligence4,Intelligence3,Intelligence2,Intelligence1,,,,,,Staff
ICE STAFF,SUFFIX,# to Level of all Cold Spell Skills,GlobalColdSpellGemsLevelTwoHandWeapon5,GlobalColdSpellGemsLevelTwoHandWeapon4,GlobalColdSpellGemsLevelTwoHandWeapon3,GlobalColdSpellGemsLevelTwoHandWeapon2,GlobalColdSpellGemsLevelTwoHandWeapon1,,,,,,,,,Staff
ICE STAFF,SUFFIX,# to Level of all Spell Skills,GlobalSpellGemsLevelTwoHandWeapon4,GlobalSpellGemsLevelTwoHandWeapon3,GlobalSpellGemsLevelTwoHandWeapon2,GlobalSpellGemsLevelTwoHandWeapon1,,,,,,,,,,Staff
ICE STAFF,SUFFIX,Gain # Life per Enemy Killed,LifeGainedFromEnemyDeath8,LifeGainedFromEnemyDeath7,LifeGainedFromEnemyDeath6,LifeGainedFromEnemyDeath5,LifeGainedFromEnemyDeath4,LifeGainedFromEnemyDeath3,LifeGainedFromEnemyDeath2,LifeGainedFromEnemyDeath1,,,,,,Staff
ICE STAFF,SUFFIX,Gain # Mana per Enemy Killed,ManaGainedFromEnemyDeath8,ManaGainedFromEnemyDeath7,ManaGainedFromEnemyDeath6,ManaGainedFromEnemyDeath5,ManaGainedFromEnemyDeath4,ManaGainedFromEnemyDeath3,ManaGainedFromEnemyDeath2,ManaGainedFromEnemyDeath1,,,,,,Staff
LIGHTNING STAFF,PREFIX,#% increased Lightning Damage,LightningDamagePrefixOnTwoHandWeapon8,LightningDamagePrefixOnTwoHandWeapon7,LightningDamagePrefixOnTwoHandWeapon6,LightningDamagePrefixOnTwoHandWeapon5,LightningDamagePrefixOnTwoHandWeapon4,LightningDamagePrefixOnTwoHandWeapon3,LightningDamagePrefixOnTwoHandWeapon2,LightningDamagePrefixOnTwoHandWeapon1,,,,,,Staff
LIGHTNING STAFF,PREFIX,#% increased Spell Damage,SpellDamageOnTwoHandWeapon8,SpellDamageOnTwoHandWeapon7,SpellDamageOnTwoHandWeapon6,SpellDamageOnTwoHandWeapon5,SpellDamageOnTwoHandWeapon4,SpellDamageOnTwoHandWeapon3,SpellDamageOnTwoHandWeapon2,SpellDamageOnTwoHandWeapon1,,,,,,Staff
LIGHTNING STAFF,PREFIX,"#% increased Spell Damage, # to maximum Mana",SpellDamageAndManaOnTwoHandWeapon7,SpellDamageAndManaOnTwoHandWeapon6,SpellDamageAndManaOnTwoHandWeapon5,SpellDamageAndManaOnTwoHandWeapon4,SpellDamageAndManaOnTwoHandWeapon3,SpellDamageAndManaOnTwoHandWeapon2,SpellDamageAndManaOnTwoHandWeapon1,,,,,,,Staff
LIGHTNING STAFF,PREFIX,# to maximum Mana,IncreasedManaTwoHandWeapon11,IncreasedManaTwoHandWeapon10,IncreasedManaTwoHandWeapon9,IncreasedManaTwoHandWeapon8_,IncreasedManaTwoHandWeapon7,IncreasedManaTwoHandWeapon6,IncreasedManaTwoHandWeapon5,IncreasedManaTwoHandWeapon4,IncreasedManaTwoHandWeapon3_,IncreasedManaTwoHandWeapon2_,IncreasedManaTwoHandWeapon1,,,Staff
LIGHTNING STAFF,PREFIX,Gain #% of Damage as Extra Cold Damage,SpellDamageGainedAsColdTwoHand6,SpellDamageGainedAsColdTwoHand5,SpellDamageGainedAsColdTwoHand4,SpellDamageGainedAsColdTwoHand3,SpellDamageGainedAsColdTwoHand2,SpellDamageGainedAsColdTwoHand1,,,,,,,,Staff
LIGHTNING STAFF,PREFIX,Gain #% of Damage as Extra Fire Damage,SpellDamageGainedAsFireTwoHand6,SpellDamageGainedAsFireTwoHand5,SpellDamageGainedAsFireTwoHand4,SpellDamageGainedAsFireTwoHand3,SpellDamageGainedAsFireTwoHand2,SpellDamageGainedAsFireTwoHand1,,,,,,,,Staff
LIGHTNING STAFF,PREFIX,Gain #% of Damage as Extra Lightning Damage,SpellDamageGainedAsLightningTwoHand6,SpellDamageGainedAsLightningTwoHand5,SpellDamageGainedAsLightningTwoHand4,SpellDamageGainedAsLightningTwoHand3,SpellDamageGainedAsLightningTwoHand2,SpellDamageGainedAsLightningTwoHand1,,,,,,,,Staff
LIGHTNING STAFF,SUFFIX,#% increased Cast Speed,IncreasedCastSpeedTwoHand7,IncreasedCastSpeedTwoHand6,IncreasedCastSpeedTwoHand5,IncreasedCastSpeedTwoHand4,IncreasedCastSpeedTwoHand3,IncreasedCastSpeedTwoHand2,IncreasedCastSpeedTwoHand1_,,,,,,,Staff
LIGHTNING STAFF,SUFFIX,#% increased chance to Shock,ShockChanceIncrease5,ShockChanceIncrease4,ShockChanceIncrease3,ShockChanceIncrease2,ShockChanceIncrease1,,,,,,,,,Staff
LIGHTNING STAFF,SUFFIX,#% increased Critical Hit Chance for Spells,SpellCriticalStrikeChanceTwoHand6,SpellCriticalStrikeChanceTwoHand5,SpellCriticalStrikeChanceTwoHand4,SpellCriticalStrikeChanceTwoHand3,SpellCriticalStrikeChanceTwoHand2,SpellCriticalStrikeChanceTwoHand1,,,,,,,,Staff
LIGHTNING STAFF,SUFFIX,#% increased Critical Spell Damage Bonus,SpellCriticalStrikeMultiplierTwoHand6,SpellCriticalStrikeMultiplierTwoHand5,SpellCriticalStrikeMultiplierTwoHand4,SpellCriticalStrikeMultiplierTwoHand3,SpellCriticalStrikeMultiplierTwoHand2,SpellCriticalStrikeMultiplierTwoHand1,,,,,,,,Staff
LIGHTNING STAFF,SUFFIX,"#% increased Mana Regeneration Rate, #% increased Light Radius",LightRadiusAndManaRegeneration3,LightRadiusAndManaRegeneration2,LightRadiusAndManaRegeneration1,,,,,,,,,,,Staff
LIGHTNING STAFF,SUFFIX,#% increased Mana Regeneration Rate,ManaRegenerationTwoHand6,ManaRegenerationTwoHand5,ManaRegenerationTwoHand4,ManaRegenerationTwoHand3,ManaRegenerationTwoHand2,ManaRegenerationTwoHand1,,,,,,,,Staff
LIGHTNING STAFF,SUFFIX,#% reduced Attribute Requirements,ReducedLocalAttributeRequirements5,ReducedLocalAttributeRequirements4,ReducedLocalAttributeRequirements3,ReducedLocalAttributeRequirements2,ReducedLocalAttributeRequirements1,,,,,,,,,Staff
LIGHTNING STAFF,SUFFIX,# to Intelligence,Intelligence8,Intelligence7,Intelligence6,Intelligence5,Intelligence4,Intelligence3,Intelligence2,Intelligence1,,,,,,Staff
LIGHTNING STAFF,SUFFIX,# to Level of all Lightning Spell Skills,GlobalLightningSpellGemsLevelTwoHandWeapon5,GlobalLightningSpellGemsLevelTwoHandWeapon4,GlobalLightningSpellGemsLevelTwoHandWeapon3,GlobalLightningSpellGemsLevelTwoHandWeapon2,GlobalLightningSpellGemsLevelTwoHandWeapon1,,,,,,,,,Staff
LIGHTNING STAFF,SUFFIX,# to Level of all Spell Skills,GlobalSpellGemsLevelTwoHandWeapon4,GlobalSpellGemsLevelTwoHandWeapon3,GlobalSpellGemsLevelTwoHandWeapon2,GlobalSpellGemsLevelTwoHandWeapon1,,,,,,,,,,Staff
LIGHTNING STAFF,SUFFIX,Gain # Life per Enemy Killed,LifeGainedFromEnemyDeath8,LifeGainedFromEnemyDeath7,LifeGainedFromEnemyDeath6,LifeGainedFromEnemyDeath5,LifeGainedFromEnemyDeath4,LifeGainedFromEnemyDeath3,LifeGainedFromEnemyDeath2,LifeGainedFromEnemyDeath1,,,,,,Staff
LIGHTNING STAFF,SUFFIX,Gain # Mana per Enemy Killed,ManaGainedFromEnemyDeath8,ManaGainedFromEnemyDeath7,ManaGainedFromEnemyDeath6,ManaGainedFromEnemyDeath5,ManaGainedFromEnemyDeath4,ManaGainedFromEnemyDeath3,ManaGainedFromEnemyDeath2,ManaGainedFromEnemyDeath1,,,,,,Staff
PHYSICAL STAFF,PREFIX,#% increased Spell Physical Damage,PhysicalDamagePrefixOnTwoHandWeapon8,PhysicalDamagePrefixOnTwoHandWeapon7,PhysicalDamagePrefixOnTwoHandWeapon6,PhysicalDamagePrefixOnTwoHandWeapon5,PhysicalDamagePrefixOnTwoHandWeapon4,PhysicalDamagePrefixOnTwoHandWeapon3,PhysicalDamagePrefixOnTwoHandWeapon2,PhysicalDamagePrefixOnTwoHandWeapon1,,,,,,Staff
PHYSICAL STAFF,PREFIX,#% increased Spell Damage,SpellDamageOnTwoHandWeapon8,SpellDamageOnTwoHandWeapon7,SpellDamageOnTwoHandWeapon6,SpellDamageOnTwoHandWeapon5,SpellDamageOnTwoHandWeapon4,SpellDamageOnTwoHandWeapon3,SpellDamageOnTwoHandWeapon2,SpellDamageOnTwoHandWeapon1,,,,,,Staff
PHYSICAL STAFF,PREFIX,"#% increased Spell Damage, # to maximum Mana",SpellDamageAndManaOnTwoHandWeapon7,SpellDamageAndManaOnTwoHandWeapon6,SpellDamageAndManaOnTwoHandWeapon5,SpellDamageAndManaOnTwoHandWeapon4,SpellDamageAndManaOnTwoHandWeapon3,SpellDamageAndManaOnTwoHandWeapon2,SpellDamageAndManaOnTwoHandWeapon1,,,,,,,Staff
PHYSICAL STAFF,PREFIX,# to maximum Mana,IncreasedManaTwoHandWeapon11,IncreasedManaTwoHandWeapon10,IncreasedManaTwoHandWeapon9,IncreasedManaTwoHandWeapon8_,IncreasedManaTwoHandWeapon7,IncreasedManaTwoHandWeapon6,IncreasedManaTwoHandWeapon5,IncreasedManaTwoHandWeapon4,IncreasedManaTwoHandWeapon3_,IncreasedManaTwoHandWeapon2_,IncreasedManaTwoHandWeapon1,,,Staff
PHYSICAL STAFF,PREFIX,Gain #% of Damage as Extra Cold Damage,SpellDamageGainedAsColdTwoHand6,SpellDamageGainedAsColdTwoHand5,SpellDamageGainedAsColdTwoHand4,SpellDamageGainedAsColdTwoHand3,SpellDamageGainedAsColdTwoHand2,SpellDamageGainedAsColdTwoHand1,,,,,,,,Staff
PHYSICAL STAFF,PREFIX,Gain #% of Damage as Extra Fire Damage,SpellDamageGainedAsFireTwoHand6,SpellDamageGainedAsFireTwoHand5,SpellDamageGainedAsFireTwoHand4,SpellDamageGainedAsFireTwoHand3,SpellDamageGainedAsFireTwoHand2,SpellDamageGainedAsFireTwoHand1,,,,,,,,Staff
PHYSICAL STAFF,PREFIX,Gain #% of Damage as Extra Lightning Damage,SpellDamageGainedAsLightningTwoHand6,SpellDamageGainedAsLightningTwoHand5,SpellDamageGainedAsLightningTwoHand4,SpellDamageGainedAsLightningTwoHand3,SpellDamageGainedAsLightningTwoHand2,SpellDamageGainedAsLightningTwoHand1,,,,,,,,Staff
PHYSICAL STAFF,SUFFIX,#% increased Cast Speed,IncreasedCastSpeedTwoHand7,IncreasedCastSpeedTwoHand6,IncreasedCastSpeedTwoHand5,IncreasedCastSpeedTwoHand4,IncreasedCastSpeedTwoHand3,IncreasedCastSpeedTwoHand2,IncreasedCastSpeedTwoHand1_,,,,,,,Staff
PHYSICAL STAFF,SUFFIX,#% increased Critical Hit Chance for Spells,SpellCriticalStrikeChanceTwoHand6,SpellCriticalStrikeChanceTwoHand5,SpellCriticalStrikeChanceTwoHand4,SpellCriticalStrikeChanceTwoHand3,SpellCriticalStrikeChanceTwoHand2,SpellCriticalStrikeChanceTwoHand1,,,,,,,,Staff
PHYSICAL STAFF,SUFFIX,#% increased Critical Spell Damage Bonus,SpellCriticalStrikeMultiplierTwoHand6,SpellCriticalStrikeMultiplierTwoHand5,SpellCriticalStrikeMultiplierTwoHand4,SpellCriticalStrikeMultiplierTwoHand3,SpellCriticalStrikeMultiplierTwoHand2,SpellCriticalStrikeMultiplierTwoHand1,,,,,,,,Staff
PHYSICAL STAFF,SUFFIX,"#% increased Mana Regeneration Rate, #% increased Light Radius",LightRadiusAndManaRegeneration3,LightRadiusAndManaRegeneration2,LightRadiusAndManaRegeneration1,,,,,,,,,,,Staff
PHYSICAL STAFF,SUFFIX,#% increased Mana Regeneration Rate,ManaRegenerationTwoHand6,ManaRegenerationTwoHand5,ManaRegenerationTwoHand4,ManaRegenerationTwoHand3,ManaRegenerationTwoHand2,ManaRegenerationTwoHand1,,,,,,,,Staff
PHYSICAL STAFF,SUFFIX,#% reduced Attribute Requirements,ReducedLocalAttributeRequirements5,ReducedLocalAttributeRequirements4,ReducedLocalAttributeRequirements3,ReducedLocalAttributeRequirements2,ReducedLocalAttributeRequirements1,,,,,,,,,Staff
PHYSICAL STAFF,SUFFIX,# to Intelligence,Intelligence8,Intelligence7,Intelligence6,Intelligence5,Intelligence4,Intelligence3,Intelligence2,Intelligence1,,,,,,Staff
PHYSICAL STAFF,SUFFIX,# to Level of all Physical Spell Skills,GlobalPhysicalSpellGemsLevelTwoHandWeapon5,GlobalPhysicalSpellGemsLevelTwoHandWeapon4,GlobalPhysicalSpellGemsLevelTwoHandWeapon3,GlobalPhysicalSpellGemsLevelTwoHandWeapon2,GlobalPhysicalSpellGemsLevelTwoHandWeapon1,,,,,,,,,Staff
PHYSICAL STAFF,SUFFIX,# to Level of all Spell Skills,GlobalSpellGemsLevelTwoHandWeapon4,GlobalSpellGemsLevelTwoHandWeapon3,GlobalSpellGemsLevelTwoHandWeapon2,GlobalSpellGemsLevelTwoHandWeapon1,,,,,,,,,,Staff
PHYSICAL STAFF,SUFFIX,Gain # Life per Enemy Killed,LifeGainedFromEnemyDeath8,LifeGainedFromEnemyDeath7,LifeGainedFromEnemyDeath6,LifeGainedFromEnemyDeath5,LifeGainedFromEnemyDeath4,LifeGainedFromEnemyDeath3,LifeGainedFromEnemyDeath2,LifeGainedFromEnemyDeath1,,,,,,Staff
PHYSICAL STAFF,SUFFIX,Gain # Mana per Enemy Killed,ManaGainedFromEnemyDeath8,ManaGainedFromEnemyDeath7,ManaGainedFromEnemyDeath6,ManaGainedFromEnemyDeath5,ManaGainedFromEnemyDeath4,ManaGainedFromEnemyDeath3,ManaGainedFromEnemyDeath2,ManaGainedFromEnemyDeath1,,,,,,Staff
CHAOS STAFF,PREFIX,#% increased Chaos Damage,ChaosDamagePrefixOnTwoHandWeapon8,ChaosDamagePrefixOnTwoHandWeapon7,ChaosDamagePrefixOnTwoHandWeapon6,ChaosDamagePrefixOnTwoHandWeapon5,ChaosDamagePrefixOnTwoHandWeapon4,ChaosDamagePrefixOnTwoHandWeapon3,ChaosDamagePrefixOnTwoHandWeapon2,ChaosDamagePrefixOnTwoHandWeapon1,,,,,,Staff
CHAOS STAFF,PREFIX,#% increased Spell Damage,SpellDamageOnTwoHandWeapon8,SpellDamageOnTwoHandWeapon7,SpellDamageOnTwoHandWeapon6,SpellDamageOnTwoHandWeapon5,SpellDamageOnTwoHandWeapon4,SpellDamageOnTwoHandWeapon3,SpellDamageOnTwoHandWeapon2,SpellDamageOnTwoHandWeapon1,,,,,,Staff
CHAOS STAFF,PREFIX,"#% increased Spell Damage, # to maximum Mana",SpellDamageAndManaOnTwoHandWeapon7,SpellDamageAndManaOnTwoHandWeapon6,SpellDamageAndManaOnTwoHandWeapon5,SpellDamageAndManaOnTwoHandWeapon4,SpellDamageAndManaOnTwoHandWeapon3,SpellDamageAndManaOnTwoHandWeapon2,SpellDamageAndManaOnTwoHandWeapon1,,,,,,,Staff
CHAOS STAFF,PREFIX,# to maximum Mana,IncreasedManaTwoHandWeapon11,IncreasedManaTwoHandWeapon10,IncreasedManaTwoHandWeapon9,IncreasedManaTwoHandWeapon8_,IncreasedManaTwoHandWeapon7,IncreasedManaTwoHandWeapon6,IncreasedManaTwoHandWeapon5,IncreasedManaTwoHandWeapon4,IncreasedManaTwoHandWeapon3_,IncreasedManaTwoHandWeapon2_,IncreasedManaTwoHandWeapon1,,,Staff
CHAOS STAFF,PREFIX,Gain #% of Damage as Extra Cold Damage,SpellDamageGainedAsColdTwoHand6,SpellDamageGainedAsColdTwoHand5,SpellDamageGainedAsColdTwoHand4,SpellDamageGainedAsColdTwoHand3,SpellDamageGainedAsColdTwoHand2,SpellDamageGainedAsColdTwoHand1,,,,,,,,Staff
CHAOS STAFF,PREFIX,Gain #% of Damage as Extra Fire Damage,SpellDamageGainedAsFireTwoHand6,SpellDamageGainedAsFireTwoHand5,SpellDamageGainedAsFireTwoHand4,SpellDamageGainedAsFireTwoHand3,SpellDamageGainedAsFireTwoHand2,SpellDamageGainedAsFireTwoHand1,,,,,,,,Staff
CHAOS STAFF,PREFIX,Gain #% of Damage as Extra Lightning Damage,SpellDamageGainedAsLightningTwoHand6,SpellDamageGainedAsLightningTwoHand5,SpellDamageGainedAsLightningTwoHand4,SpellDamageGainedAsLightningTwoHand3,SpellDamageGainedAsLightningTwoHand2,SpellDamageGainedAsLightningTwoHand1,,,,,,,,Staff
CHAOS STAFF,SUFFIX,#% increased Cast Speed,IncreasedCastSpeedTwoHand7,IncreasedCastSpeedTwoHand6,IncreasedCastSpeedTwoHand5,IncreasedCastSpeedTwoHand4,IncreasedCastSpeedTwoHand3,IncreasedCastSpeedTwoHand2,IncreasedCastSpeedTwoHand1_,,,,,,,Staff
CHAOS STAFF,SUFFIX,#% increased Critical Hit Chance for Spells,SpellCriticalStrikeChanceTwoHand6,SpellCriticalStrikeChanceTwoHand5,SpellCriticalStrikeChanceTwoHand4,SpellCriticalStrikeChanceTwoHand3,SpellCriticalStrikeChanceTwoHand2,SpellCriticalStrikeChanceTwoHand1,,,,,,,,Staff
CHAOS STAFF,SUFFIX,#% increased Critical Spell Damage Bonus,SpellCriticalStrikeMultiplierTwoHand6,SpellCriticalStrikeMultiplierTwoHand5,SpellCriticalStrikeMultiplierTwoHand4,SpellCriticalStrikeMultiplierTwoHand3,SpellCriticalStrikeMultiplierTwoHand2,SpellCriticalStrikeMultiplierTwoHand1,,,,,,,,Staff
CHAOS STAFF,SUFFIX,"#% increased Mana Regeneration Rate, #% increased Light Radius",LightRadiusAndManaRegeneration3,LightRadiusAndManaRegeneration2,LightRadiusAndManaRegeneration1,,,,,,,,,,,Staff
CHAOS STAFF,SUFFIX,#% increased Mana Regeneration Rate,ManaRegenerationTwoHand6,ManaRegenerationTwoHand5,ManaRegenerationTwoHand4,ManaRegenerationTwoHand3,ManaRegenerationTwoHand2,ManaRegenerationTwoHand1,,,,,,,,Staff
CHAOS STAFF,SUFFIX,#% reduced Attribute Requirements,ReducedLocalAttributeRequirements5,ReducedLocalAttributeRequirements4,ReducedLocalAttributeRequirements3,ReducedLocalAttributeRequirements2,ReducedLocalAttributeRequirements1,,,,,,,,,Staff
CHAOS STAFF,SUFFIX,# to Intelligence,Intelligence8,Intelligence7,Intelligence6,Intelligence5,Intelligence4,Intelligence3,Intelligence2,Intelligence1,,,,,,Staff
CHAOS STAFF,SUFFIX,# to Level of all Chaos Spell Skills,GlobalChaosSpellGemsLevelTwoHandWeapon5,GlobalChaosSpellGemsLevelTwoHandWeapon4,GlobalChaosSpellGemsLevelTwoHandWeapon3,GlobalChaosSpellGemsLevelTwoHandWeapon2,GlobalChaosSpellGemsLevelTwoHandWeapon1,,,,,,,,,Staff
CHAOS STAFF,SUFFIX,# to Level of all Spell Skills,GlobalSpellGemsLevelTwoHandWeapon4,GlobalSpellGemsLevelTwoHandWeapon3,GlobalSpellGemsLevelTwoHandWeapon2,GlobalSpellGemsLevelTwoHandWeapon1,,,,,,,,,,Staff
CHAOS STAFF,SUFFIX,Gain # Life per Enemy Killed,LifeGainedFromEnemyDeath8,LifeGainedFromEnemyDeath7,LifeGainedFromEnemyDeath6,LifeGainedFromEnemyDeath5,LifeGainedFromEnemyDeath4,LifeGainedFromEnemyDeath3,LifeGainedFromEnemyDeath2,LifeGainedFromEnemyDeath1,,,,,,Staff
CHAOS STAFF,SUFFIX,Gain # Mana per Enemy Killed,ManaGainedFromEnemyDeath8,ManaGainedFromEnemyDeath7,ManaGainedFromEnemyDeath6,ManaGainedFromEnemyDeath5,ManaGainedFromEnemyDeath4,ManaGainedFromEnemyDeath3,ManaGainedFromEnemyDeath2,ManaGainedFromEnemyDeath1,,,,,,Staff
FOCUS,PREFIX,#% increased Chaos Damage,ChaosDamagePrefixOnWeapon6,ChaosDamagePrefixOnWeapon5,ChaosDamagePrefixOnWeapon4,ChaosDamagePrefixOnWeapon3,ChaosDamagePrefixOnWeapon2,ChaosDamagePrefixOnWeapon1,,,,,,,,Focus
FOCUS,PREFIX,#% increased Cold Damage,ColdDamagePrefixOnWeapon6,ColdDamagePrefixOnWeapon5_,ColdDamagePrefixOnWeapon4,ColdDamagePrefixOnWeapon3_,ColdDamagePrefixOnWeapon2,ColdDamagePrefixOnWeapon1,,,,,,,,Focus
FOCUS,PREFIX,#% increased Energy Shield,LocalIncreasedEnergyShieldPercent7_,LocalIncreasedEnergyShieldPercent6,LocalIncreasedEnergyShieldPercent5,LocalIncreasedEnergyShieldPercent4,LocalIncreasedEnergyShieldPercent3,LocalIncreasedEnergyShieldPercent2,LocalIncreasedEnergyShieldPercent1,,,,,,,Focus
FOCUS,PREFIX,"#% increased Energy Shield, # to maximum Mana",LocalIncreasedEnergyShieldAndMana6,LocalIncreasedEnergyShieldAndMana5,LocalIncreasedEnergyShieldAndMana4,LocalIncreasedEnergyShieldAndMana3,LocalIncreasedEnergyShieldAndMana2,LocalIncreasedEnergyShieldAndMana1,,,,,,,,Focus
FOCUS,PREFIX,#% increased Fire Damage,FireDamagePrefixOnWeapon6,FireDamagePrefixOnWeapon5_,FireDamagePrefixOnWeapon4,FireDamagePrefixOnWeapon3,FireDamagePrefixOnWeapon2,FireDamagePrefixOnWeapon1,,,,,,,,Focus
FOCUS,PREFIX,#% increased Lightning Damage,LightningDamagePrefixOnWeapon6,LightningDamagePrefixOnWeapon5,LightningDamagePrefixOnWeapon4,LightningDamagePrefixOnWeapon3,LightningDamagePrefixOnWeapon2,LightningDamagePrefixOnWeapon1_,,,,,,,,Focus
FOCUS,PREFIX,#% increased Spell Damage,SpellDamageOnWeapon6,SpellDamageOnWeapon5,SpellDamageOnWeapon4,SpellDamageOnWeapon3,SpellDamageOnWeapon2,SpellDamageOnWeapon1,,,,,,,,Focus
FOCUS,PREFIX,#% increased Spell Physical Damage,PhysicalDamagePrefixOnWeapon6,PhysicalDamagePrefixOnWeapon5,PhysicalDamagePrefixOnWeapon4,PhysicalDamagePrefixOnWeapon3,PhysicalDamagePrefixOnWeapon2,PhysicalDamagePrefixOnWeapon1,,,,,,,,Focus
FOCUS,PREFIX,# to maximum Energy Shield,LocalIncreasedEnergyShield10,LocalIncreasedEnergyShield9,LocalIncreasedEnergyShield8,LocalIncreasedEnergyShield7,LocalIncreasedEnergyShield6,LocalIncreasedEnergyShield5,LocalIncreasedEnergyShield4,LocalIncreasedEnergyShield3,LocalIncreasedEnergyShield2,LocalIncreasedEnergyShield1,,,,Focus
FOCUS,PREFIX,# to maximum Mana,IncreasedMana11,IncreasedMana10,IncreasedMana9,IncreasedMana8,IncreasedMana7,IncreasedMana6,IncreasedMana5,IncreasedMana4,IncreasedMana3,IncreasedMana2,IncreasedMana1,,,Focus
FOCUS,SUFFIX,#% increased Cast Speed,IncreasedCastSpeed6,IncreasedCastSpeed5,IncreasedCastSpeed4,IncreasedCastSpeed3,IncreasedCastSpeed2,IncreasedCastSpeed1,,,,,,,,Focus
FOCUS,SUFFIX,#% increased Critical Hit Chance for Spells,SpellCriticalStrikeChance5,SpellCriticalStrikeChance4,SpellCriticalStrikeChance3,SpellCriticalStrikeChance2,SpellCriticalStrikeChance1,,,,,,,,,Focus
FOCUS,SUFFIX,#% increased Critical Spell Damage Bonus,SpellCriticalStrikeMultiplier5,SpellCriticalStrikeMultiplier4,SpellCriticalStrikeMultiplier3,SpellCriticalStrikeMultiplier2,SpellCriticalStrikeMultiplier1,,,,,,,,,Focus
FOCUS,SUFFIX,#% increased Energy Shield Recharge Rate,EnergyShieldRechargeRate6,EnergyShieldRechargeRate5______,EnergyShieldRechargeRate4,EnergyShieldRechargeRate3,EnergyShieldRechargeRate2,EnergyShieldRechargeRate1,,,,,,,,Focus
FOCUS,SUFFIX,#% increased Mana Regeneration Rate,ManaRegeneration6,ManaRegeneration5,ManaRegeneration4,ManaRegeneration3,ManaRegeneration2,ManaRegeneration1,,,,,,,,Focus
FOCUS,SUFFIX,#% reduced Attribute Requirements,ReducedLocalAttributeRequirements5,ReducedLocalAttributeRequirements4,ReducedLocalAttributeRequirements3,ReducedLocalAttributeRequirements2,ReducedLocalAttributeRequirements1,,,,,,,,,Focus
FOCUS,SUFFIX,# to Intelligence,Intelligence8,Intelligence7,Intelligence6,Intelligence5,Intelligence4,Intelligence3,Intelligence2,Intelligence1,,,,,,Focus
FOCUS,SUFFIX,# to Level of all Spell Skills,GlobalSpellGemsLevel2,GlobalSpellGemsLevel1,,,,,,,,,,,,Focus
FOCUS,SUFFIX,#% to Chaos Resistance,ChaosResist6,ChaosResist5,ChaosResist4,ChaosResist3,ChaosResist2,ChaosResist1,,,,,,,,Focus
FOCUS,SUFFIX,#% to Cold Resistance,ColdResist8,ColdResist7,ColdResist6,ColdResist5,ColdResist4,ColdResist3,ColdResist2,ColdResist1,,,,,,Focus
FOCUS,SUFFIX,#% to Fire Resistance,FireResist8,FireResist7,FireResist6,FireResist5,FireResist4,FireResist3,FireResist2,FireResist1,,,,,,Focus
FOCUS,SUFFIX,#% to Lightning Resistance,LightningResist8,LightningResist7,LightningResist6,LightningResist5,LightningResist4,LightningResist3,LightningResist2,LightningResist1,,,,,,Focus
FOCUS,SUFFIX,#% faster start of Energy Shield Recharge,FasterStartOfEnergyShieldRecharge6,FasterStartOfEnergyShieldRecharge5,FasterStartOfEnergyShieldRecharge4,FasterStartOfEnergyShieldRecharge3,FasterStartOfEnergyShieldRecharge2,FasterStartOfEnergyShieldRecharge1,,,,,,,,Focus
SCEPTRE,PREFIX,#% increased Spirit,LocalIncreasedSpiritPercent8,LocalIncreasedSpiritPercent7,LocalIncreasedSpiritPercent6,LocalIncreasedSpiritPercent5,LocalIncreasedSpiritPercent4,LocalIncreasedSpiritPercent3,LocalIncreasedSpiritPercent2,LocalIncreasedSpiritPercent1,,,,,,Sceptre
SCEPTRE,PREFIX,"#% increased Spirit, # to maximum Mana",LocalIncreasedSpiritAndMana7,LocalIncreasedSpiritAndMana6,LocalIncreasedSpiritAndMana5,LocalIncreasedSpiritAndMana4,LocalIncreasedSpiritAndMana3,LocalIncreasedSpiritAndMana2,LocalIncreasedSpiritAndMana1,,,,,,,Sceptre
SCEPTRE,PREFIX,# to maximum Mana,IncreasedMana11,IncreasedMana10,IncreasedMana9,IncreasedMana8,IncreasedMana7,IncreasedMana6,IncreasedMana5,IncreasedMana4,IncreasedMana3,IncreasedMana2,IncreasedMana1,,,Sceptre
SCEPTRE,PREFIX,Allies in your Presence deal # to # added Attack Cold Damage,NearbyAlliesAddedColdDamage9,NearbyAlliesAddedColdDamage8,NearbyAlliesAddedColdDamage7,NearbyAlliesAddedColdDamage6,NearbyAlliesAddedColdDamage5,NearbyAlliesAddedColdDamage4,NearbyAlliesAddedColdDamage3,NearbyAlliesAddedColdDamage2,NearbyAlliesAddedColdDamage1,,,,,Sceptre
SCEPTRE,PREFIX,Allies in your Presence deal # to # added Attack Fire Damage,NearbyAlliesAddedFireDamage9,NearbyAlliesAddedFireDamage8,NearbyAlliesAddedFireDamage7,NearbyAlliesAddedFireDamage6,NearbyAlliesAddedFireDamage5,NearbyAlliesAddedFireDamage4,NearbyAlliesAddedFireDamage3,NearbyAlliesAddedFireDamage2,NearbyAlliesAddedFireDamage1,,,,,Sceptre
SCEPTRE,PREFIX,Allies in your Presence deal # to # added Attack Lightning Damage,NearbyAlliesAddedLightningDamage9,NearbyAlliesAddedLightningDamage8,NearbyAlliesAddedLightningDamage7,NearbyAlliesAddedLightningDamage6,NearbyAlliesAddedLightningDamage5,NearbyAlliesAddedLightningDamage4,NearbyAlliesAddedLightningDamage3,NearbyAlliesAddedLightningDamage2,NearbyAlliesAddedLightningDamage1,,,,,Sceptre
SCEPTRE,PREFIX,Allies in your Presence deal # to # added Attack Physical Damage,NearbyAlliesAddedPhysicalDamage9,NearbyAlliesAddedPhysicalDamage8,NearbyAlliesAddedPhysicalDamage7,NearbyAlliesAddedPhysicalDamage6,NearbyAlliesAddedPhysicalDamage5,NearbyAlliesAddedPhysicalDamage4,NearbyAlliesAddedPhysicalDamage3,NearbyAlliesAddedPhysicalDamage2,NearbyAlliesAddedPhysicalDamage1,,,,,Sceptre
SCEPTRE,PREFIX,Allies in your Presence deal #% increased Damage,NearbyAlliesAllDamage8,NearbyAlliesAllDamage7,NearbyAlliesAllDamage6,NearbyAlliesAllDamage5,NearbyAlliesAllDamage4,NearbyAlliesAllDamage3,NearbyAlliesAllDamage2,NearbyAlliesAllDamage1,,,,,,Sceptre
SCEPTRE,SUFFIX,"#% increased Mana Regeneration Rate, #% increased Light Radius",LightRadiusAndManaRegeneration3,LightRadiusAndManaRegeneration2,LightRadiusAndManaRegeneration1,,,,,,,,,,,Sceptre
SCEPTRE,SUFFIX,#% increased Mana Regeneration Rate,ManaRegeneration6,ManaRegeneration5,ManaRegeneration4,ManaRegeneration3,ManaRegeneration2,ManaRegeneration1,,,,,,,,Sceptre
SCEPTRE,SUFFIX,#% increased Presence Area of Effect,PresenceRadius4,PresenceRadius3,PresenceRadius2,PresenceRadius1,,,,,,,,,,Sceptre
SCEPTRE,SUFFIX,#% reduced Attribute Requirements,ReducedLocalAttributeRequirements5,ReducedLocalAttributeRequirements4,ReducedLocalAttributeRequirements3,ReducedLocalAttributeRequirements2,ReducedLocalAttributeRequirements1,,,,,,,,,Sceptre
SCEPTRE,SUFFIX,# to Intelligence,Intelligence8,Intelligence7,Intelligence6,Intelligence5,Intelligence4,Intelligence3,Intelligence2,Intelligence1,,,,,,Sceptre
SCEPTRE,SUFFIX,# to Level of all Minion Skills,GlobalMinionSpellSkillGemLevelWeapon4,GlobalMinionSpellSkillGemLevelWeapon3,GlobalMinionSpellSkillGemLevelWeapon2,GlobalMinionSpellSkillGemLevelWeapon1,,,,,,,,,,Sceptre
SCEPTRE,SUFFIX,# to Strength,Strength8,Strength7,Strength6,Strength5,Strength4,Strength3,Strength2,Strength1,,,,,,Sceptre
SCEPTRE,SUFFIX,Allies in your Presence have #% increased Attack Speed,NearbyAlliesIncreasedAttackSpeed4,NearbyAlliesIncreasedAttackSpeed3,NearbyAlliesIncreasedAttackSpeed2,NearbyAlliesIncreasedAttackSpeed1,,,,,,,,,,Sceptre
SCEPTRE,SUFFIX,Allies in your Presence have #% increased Cast Speed,NearbyAlliesIncreasedCastSpeed4,NearbyAlliesIncreasedCastSpeed3,NearbyAlliesIncreasedCastSpeed2,NearbyAlliesIncreasedCastSpeed1,,,,,,,,,,Sceptre
SCEPTRE,SUFFIX,Allies in your Presence have #% increased Critical Damage Bonus,NearbyAlliesCriticalMultiplier6,NearbyAlliesCriticalMultiplier5,NearbyAlliesCriticalMultiplier4,NearbyAlliesCriticalMultiplier3,NearbyAlliesCriticalMultiplier2,NearbyAlliesCriticalMultiplier1,,,,,,,,Sceptre
SCEPTRE,SUFFIX,Allies in your Presence have #% increased Critical Hit Chance,NearbyAlliesCriticalStrikeChance6,NearbyAlliesCriticalStrikeChance5,NearbyAlliesCriticalStrikeChance4,NearbyAlliesCriticalStrikeChance3,NearbyAlliesCriticalStrikeChance2,NearbyAlliesCriticalStrikeChance1,,,,,,,,Sceptre
SCEPTRE,SUFFIX,Allies in your Presence have #% to all Elemental Resistances,NearbyAlliesAllResistances6,NearbyAlliesAllResistances5,NearbyAlliesAllResistances4,NearbyAlliesAllResistances3,NearbyAlliesAllResistances2,NearbyAlliesAllResistances1,,,,,,,,Sceptre
SCEPTRE,SUFFIX,Allies in your Presence Regenerate # Life per second,NearbyAlliesLifeRegeneration10,NearbyAlliesLifeRegeneration9,NearbyAlliesLifeRegeneration8,NearbyAlliesLifeRegeneration7,NearbyAlliesLifeRegeneration6,NearbyAlliesLifeRegeneration5,NearbyAlliesLifeRegeneration4,NearbyAlliesLifeRegeneration3,NearbyAlliesLifeRegeneration2,NearbyAlliesLifeRegeneration1,,,,Sceptre
SCEPTRE,SUFFIX,Minions have #% increased maximum Life,MinionLife6,MinionLife5,MinionLife4,MinionLife3,MinionLife2,MinionLife1,,,,,,,,Sceptre
QUIVER,PREFIX,#% increased Damage with Bow Skills,DamageWithBows6,DamageWithBows5,DamageWithBows4,DamageWithBows3,DamageWithBows2,DamageWithBows1,,,,,,,,Quiver
QUIVER,PREFIX,#% increased Projectile Speed,ProjectileSpeed5,ProjectileSpeed4,ProjectileSpeed3,ProjectileSpeed2,ProjectileSpeed1,,,,,,,,,Quiver
QUIVER,PREFIX,# to Accuracy Rating,IncreasedAccuracy9,IncreasedAccuracy8,IncreasedAccuracy7,IncreasedAccuracy6,IncreasedAccuracy5,IncreasedAccuracy4,IncreasedAccuracy3,IncreasedAccuracy2,IncreasedAccuracy1,,,,,Quiver
QUIVER,PREFIX,Adds # to # Cold damage to Attacks,AddedColdDamage9,AddedColdDamage8,AddedColdDamage7,AddedColdDamage6,AddedColdDamage5,AddedColdDamage4,AddedColdDamage3,AddedColdDamage2,AddedColdDamage1,,,,,Quiver
QUIVER,PREFIX,Adds # to # Fire damage to Attacks,AddedFireDamage9,AddedFireDamage8,AddedFireDamage7,AddedFireDamage6,AddedFireDamage5,AddedFireDamage4,AddedFireDamage3,AddedFireDamage2,AddedFireDamage1,,,,,Quiver
QUIVER,PREFIX,Adds # to # Lightning damage to Attacks,AddedLightningDamage9,AddedLightningDamage8,AddedLightningDamage7,AddedLightningDamage6,AddedLightningDamage5,AddedLightningDamage4,AddedLightningDamage3,AddedLightningDamage2,AddedLightningDamage1,,,,,Quiver
QUIVER,PREFIX,Adds # to # Physical Damage to Attacks,AddedPhysicalDamage9,AddedPhysicalDamage8,AddedPhysicalDamage7,AddedPhysicalDamage6,AddedPhysicalDamage5,AddedPhysicalDamage4,AddedPhysicalDamage3,AddedPhysicalDamage2,AddedPhysicalDamage1,,,,,Quiver
QUIVER,SUFFIX,#% chance to Pierce an Enemy,ArrowPierceChance5,ArrowPierceChance4,ArrowPierceChance3,ArrowPierceChance2,ArrowPierceChance1,,,,,,,,,Quiver
QUIVER,SUFFIX,#% increased Attack Speed,IncreasedAttackSpeed4,IncreasedAttackSpeed3,IncreasedAttackSpeed2,IncreasedAttackSpeed1,,,,,,,,,,Quiver
QUIVER,SUFFIX,#% increased Critical Damage Bonus for Attack Damage,AttackCriticalStrikeMultiplier6,AttackCriticalStrikeMultiplier5,AttackCriticalStrikeMultiplier4,AttackCriticalStrikeMultiplier3,AttackCriticalStrikeMultiplier2,AttackCriticalStrikeMultiplier1,,,,,,,,Quiver
QUIVER,SUFFIX,#% increased Critical Hit Chance for Attacks,AttackCriticalStrikeChance6,AttackCriticalStrikeChance5,AttackCriticalStrikeChance4,AttackCriticalStrikeChance3,AttackCriticalStrikeChance2,AttackCriticalStrikeChance1,,,,,,,,Quiver
QUIVER,SUFFIX,# to Dexterity,Dexterity8,Dexterity7,Dexterity6,Dexterity5,Dexterity4,Dexterity3,Dexterity2,Dexterity1,,,,,,Quiver
QUIVER,SUFFIX,# to Level of all Projectile Skills,GlobalProjectileSkillGemLevel2,GlobalProjectileSkillGemLevel1,,,,,,,,,,,,Quiver
QUIVER,SUFFIX,Gain # Life per Enemy Killed,LifeGainedFromEnemyDeath6,LifeGainedFromEnemyDeath5,LifeGainedFromEnemyDeath4,LifeGainedFromEnemyDeath3,LifeGainedFromEnemyDeath2,LifeGainedFromEnemyDeath1,,,,,,,,Quiver
QUIVER,SUFFIX,Gain # Mana per Enemy Killed,ManaGainedFromEnemyDeath6,ManaGainedFromEnemyDeath5,ManaGainedFromEnemyDeath4,ManaGainedFromEnemyDeath3,ManaGainedFromEnemyDeath2,ManaGainedFromEnemyDeath1,,,,,,,,Quiver
GLOVES (INT),PREFIX,#% increased Energy Shield,LocalIncreasedEnergyShieldPercent7_,LocalIncreasedEnergyShieldPercent6,LocalIncreasedEnergyShieldPercent5,LocalIncreasedEnergyShieldPercent4,LocalIncreasedEnergyShieldPercent3,LocalIncreasedEnergyShieldPercent2,LocalIncreasedEnergyShieldPercent1,,,,,,,Gloves
GLOVES (INT),PREFIX,"#% increased Energy Shield, # to maximum Life",LocalIncreasedEnergyShieldAndLife6,LocalIncreasedEnergyShieldAndLife5,LocalIncreasedEnergyShieldAndLife4,LocalIncreasedEnergyShieldAndLife3,LocalIncreasedEnergyShieldAndLife2,LocalIncreasedEnergyShieldAndLife1,,,,,,,,Gloves
GLOVES (INT),PREFIX,# to Accuracy Rating,IncreasedAccuracy9,IncreasedAccuracy8,IncreasedAccuracy7,IncreasedAccuracy6,IncreasedAccuracy5,IncreasedAccuracy4,IncreasedAccuracy3,IncreasedAccuracy2,IncreasedAccuracy1,,,,,Gloves
GLOVES (INT),PREFIX,# to maximum Energy Shield,LocalIncreasedEnergyShield7,LocalIncreasedEnergyShield6,LocalIncreasedEnergyShield5,LocalIncreasedEnergyShield4,LocalIncreasedEnergyShield3,LocalIncreasedEnergyShield2,LocalIncreasedEnergyShield1,,,,,,,Gloves
GLOVES (INT),PREFIX,# to maximum Life,IncreasedLife9,IncreasedLife8,IncreasedLife7,IncreasedLife6,IncreasedLife5,IncreasedLife4,IncreasedLife3,IncreasedLife2,IncreasedLife1,,,,,Gloves
GLOVES (INT),PREFIX,# to maximum Mana,IncreasedMana9,IncreasedMana8,IncreasedMana7,IncreasedMana6,IncreasedMana5,IncreasedMana4,IncreasedMana3,IncreasedMana2,IncreasedMana1,,,,,Gloves
GLOVES (INT),PREFIX,Adds # to # Cold damage to Attacks,AddedColdDamage9,AddedColdDamage8,AddedColdDamage7,AddedColdDamage6,AddedColdDamage5,AddedColdDamage4,AddedColdDamage3,AddedColdDamage2,AddedColdDamage1,,,,,Gloves
GLOVES (INT),PREFIX,Adds # to # Fire damage to Attacks,AddedFireDamage9,AddedFireDamage8,AddedFireDamage7,AddedFireDamage6,AddedFireDamage5,AddedFireDamage4,AddedFireDamage3,AddedFireDamage2,AddedFireDamage1,,,,,Gloves
GLOVES (INT),PREFIX,Adds # to # Lightning damage to Attacks,AddedLightningDamage9,AddedLightningDamage8,AddedLightningDamage7,AddedLightningDamage6,AddedLightningDamage5,AddedLightningDamage4,AddedLightningDamage3,AddedLightningDamage2,AddedLightningDamage1,,,,,Gloves
GLOVES (INT),PREFIX,Adds # to # Physical Damage to Attacks,AddedPhysicalDamage9,AddedPhysicalDamage8,AddedPhysicalDamage7,AddedPhysicalDamage6,AddedPhysicalDamage5,AddedPhysicalDamage4,AddedPhysicalDamage3,AddedPhysicalDamage2,AddedPhysicalDamage1,,,,,Gloves
GLOVES (INT),SUFFIX,#% increased Attack Speed,IncreasedAttackSpeed4,IncreasedAttackSpeed3,IncreasedAttackSpeed2,IncreasedAttackSpeed1,,,,,,,,,,Gloves
GLOVES (INT),SUFFIX,#% increased Critical Damage Bonus,CriticalMultiplier5,CriticalMultiplier4,CriticalMultiplier3,CriticalMultiplier2,CriticalMultiplier1,,,,,,,,,Gloves
GLOVES (INT),SUFFIX,#% increased Rarity of Items found,ItemFoundRarityIncrease3,ItemFoundRarityIncrease2,ItemFoundRarityIncrease1,,,,,,,,,,,Gloves
GLOVES (INT),SUFFIX,#% reduced Attribute Requirements,ReducedLocalAttributeRequirements5,ReducedLocalAttributeRequirements4,ReducedLocalAttributeRequirements3,ReducedLocalAttributeRequirements2,ReducedLocalAttributeRequirements1,,,,,,,,,Gloves
GLOVES (INT),SUFFIX,# to Dexterity,Dexterity9,Dexterity8,Dexterity7,Dexterity6,Dexterity5,Dexterity4,Dexterity3,Dexterity2,Dexterity1,,,,,Gloves
GLOVES (INT),SUFFIX,# to Intelligence,Intelligence8,Intelligence7,Intelligence6,Intelligence5,Intelligence4,Intelligence3,Intelligence2,Intelligence1,,,,,,Gloves
GLOVES (INT),SUFFIX,# to Level of all Melee Skills,GlobalMeleeSkillGemLevel2,GlobalMeleeSkillGemLevel1,,,,,,,,,,,,Gloves
GLOVES (INT),SUFFIX,#% to Chaos Resistance,ChaosResist6,ChaosResist5,ChaosResist4,ChaosResist3,ChaosResist2,ChaosResist1,,,,,,,,Gloves
GLOVES (INT),SUFFIX,#% to Cold Resistance,ColdResist8,ColdResist7,ColdResist6,ColdResist5,ColdResist4,ColdResist3,ColdResist2,ColdResist1,,,,,,Gloves
GLOVES (INT),SUFFIX,#% to Fire Resistance,FireResist8,FireResist7,FireResist6,FireResist5,FireResist4,FireResist3,FireResist2,FireResist1,,,,,,Gloves
GLOVES (INT),SUFFIX,#% to Lightning Resistance,LightningResist8,LightningResist7,LightningResist6,LightningResist5,LightningResist4,LightningResist3,LightningResist2,LightningResist1,,,,,,Gloves
GLOVES (INT),SUFFIX,Gain # Life per Enemy Hit with Attacks,LifeGainPerTarget4,LifeGainPerTarget3,LifeGainPerTarget2,LifeGainPerTarget1,,,,,,,,,,Gloves
GLOVES (INT),SUFFIX,Gain # Life per Enemy Killed,LifeGainedFromEnemyDeath8,LifeGainedFromEnemyDeath7,LifeGainedFromEnemyDeath6,LifeGainedFromEnemyDeath5,LifeGainedFromEnemyDeath4,LifeGainedFromEnemyDeath3,LifeGainedFromEnemyDeath2,LifeGainedFromEnemyDeath1,,,,,,Gloves
GLOVES (INT),SUFFIX,Gain # Mana per Enemy Killed,ManaGainedFromEnemyDeath8,ManaGainedFromEnemyDeath7,ManaGainedFromEnemyDeath6,ManaGainedFromEnemyDeath5,ManaGainedFromEnemyDeath4,ManaGainedFromEnemyDeath3,ManaGainedFromEnemyDeath2,ManaGainedFromEnemyDeath1,,,,,,Gloves
GLOVES (INT),SUFFIX,Leech #% of Physical Attack Damage as Life,LifeLeech5,LifeLeech4,LifeLeech3,LifeLeech2,LifeLeech1,,,,,,,,,Gloves
GLOVES (INT),SUFFIX,Leech #% of Physical Attack Damage as Mana,ManaLeech5,ManaLeech4,ManaLeech3,ManaLeech2,ManaLeech1,,,,,,,,,Gloves
GLOVES (INT),SUFFIX,#% increased Energy Shield Recharge Rate,EnergyShieldRechargeRate4,EnergyShieldRechargeRate3,EnergyShieldRechargeRate2,EnergyShieldRechargeRate1,,,,,,,,,,Gloves
GLOVES (DEX),PREFIX,#% increased Evasion Rating,LocalIncreasedEvasionRatingPercent7,LocalIncreasedEvasionRatingPercent6,LocalIncreasedEvasionRatingPercent5,LocalIncreasedEvasionRatingPercent4,LocalIncreasedEvasionRatingPercent3,LocalIncreasedEvasionRatingPercent2,LocalIncreasedEvasionRatingPercent1,,,,,,,Gloves
GLOVES (DEX),PREFIX,"#% increased Evasion Rating, # to maximum Life",LocalIncreasedEvasionAndLife6,LocalIncreasedEvasionAndLife5,LocalIncreasedEvasionAndLife4,LocalIncreasedEvasionAndLife3,LocalIncreasedEvasionAndLife2,LocalIncreasedEvasionAndLife1,,,,,,,,Gloves
GLOVES (DEX),PREFIX,# to Accuracy Rating,IncreasedAccuracy9,IncreasedAccuracy8,IncreasedAccuracy7,IncreasedAccuracy6,IncreasedAccuracy5,IncreasedAccuracy4,IncreasedAccuracy3,IncreasedAccuracy2,IncreasedAccuracy1,,,,,Gloves
GLOVES (DEX),PREFIX,# to Evasion Rating,LocalIncreasedEvasionRating7_,LocalIncreasedEvasionRating6,LocalIncreasedEvasionRating5,LocalIncreasedEvasionRating4,LocalIncreasedEvasionRating3,LocalIncreasedEvasionRating2,LocalIncreasedEvasionRating1,,,,,,,Gloves
GLOVES (DEX),PREFIX,# to maximum Life,IncreasedLife9,IncreasedLife8,IncreasedLife7,IncreasedLife6,IncreasedLife5,IncreasedLife4,IncreasedLife3,IncreasedLife2,IncreasedLife1,,,,,Gloves
GLOVES (DEX),PREFIX,# to maximum Mana,IncreasedMana9,IncreasedMana8,IncreasedMana7,IncreasedMana6,IncreasedMana5,IncreasedMana4,IncreasedMana3,IncreasedMana2,IncreasedMana1,,,,,Gloves
GLOVES (DEX),PREFIX,Adds # to # Cold damage to Attacks,AddedColdDamage9,AddedColdDamage8,AddedColdDamage7,AddedColdDamage6,AddedColdDamage5,AddedColdDamage4,AddedColdDamage3,AddedColdDamage2,AddedColdDamage1,,,,,Gloves
GLOVES (DEX),PREFIX,Adds # to # Fire damage to Attacks,AddedFireDamage9,AddedFireDamage8,AddedFireDamage7,AddedFireDamage6,AddedFireDamage5,AddedFireDamage4,AddedFireDamage3,AddedFireDamage2,AddedFireDamage1,,,,,Gloves
GLOVES (DEX),PREFIX,Adds # to # Lightning damage to Attacks,AddedLightningDamage9,AddedLightningDamage8,AddedLightningDamage7,AddedLightningDamage6,AddedLightningDamage5,AddedLightningDamage4,AddedLightningDamage3,AddedLightningDamage2,AddedLightningDamage1,,,,,Gloves
GLOVES (DEX),PREFIX,Adds # to # Physical Damage to Attacks,AddedPhysicalDamage9,AddedPhysicalDamage8,AddedPhysicalDamage7,AddedPhysicalDamage6,AddedPhysicalDamage5,AddedPhysicalDamage4,AddedPhysicalDamage3,AddedPhysicalDamage2,AddedPhysicalDamage1,,,,,Gloves
GLOVES (DEX),SUFFIX,#% increased Attack Speed,IncreasedAttackSpeed4,IncreasedAttackSpeed3,IncreasedAttackSpeed2,IncreasedAttackSpeed1,,,,,,,,,,Gloves
GLOVES (DEX),SUFFIX,#% increased Critical Damage Bonus,CriticalMultiplier5,CriticalMultiplier4,CriticalMultiplier3,CriticalMultiplier2,CriticalMultiplier1,,,,,,,,,Gloves
GLOVES (DEX),SUFFIX,#% increased Rarity of Items found,ItemFoundRarityIncrease3,ItemFoundRarityIncrease2,ItemFoundRarityIncrease1,,,,,,,,,,,Gloves
GLOVES (DEX),SUFFIX,#% reduced Attribute Requirements,ReducedLocalAttributeRequirements5,ReducedLocalAttributeRequirements4,ReducedLocalAttributeRequirements3,ReducedLocalAttributeRequirements2,ReducedLocalAttributeRequirements1,,,,,,,,,Gloves
GLOVES (DEX),SUFFIX,# to Dexterity,Dexterity9,Dexterity8,Dexterity7,Dexterity6,Dexterity5,Dexterity4,Dexterity3,Dexterity2,Dexterity1,,,,,Gloves
GLOVES (DEX),SUFFIX,# to Level of all Melee Skills,GlobalMeleeSkillGemLevel2,GlobalMeleeSkillGemLevel1,,,,,,,,,,,,Gloves
GLOVES (DEX),SUFFIX,#% to Chaos Resistance,ChaosResist6,ChaosResist5,ChaosResist4,ChaosResist3,ChaosResist2,ChaosResist1,,,,,,,,Gloves
GLOVES (DEX),SUFFIX,#% to Cold Resistance,ColdResist8,ColdResist7,ColdResist6,ColdResist5,ColdResist4,ColdResist3,ColdResist2,ColdResist1,,,,,,Gloves
GLOVES (DEX),SUFFIX,#% to Fire Resistance,FireResist8,FireResist7,FireResist6,FireResist5,FireResist4,FireResist3,FireResist2,FireResist1,,,,,,Gloves
GLOVES (DEX),SUFFIX,#% to Lightning Resistance,LightningResist8,LightningResist7,LightningResist6,LightningResist5,LightningResist4,LightningResist3,LightningResist2,LightningResist1,,,,,,Gloves
GLOVES (DEX),SUFFIX,Gain # Life per Enemy Hit with Attacks,LifeGainPerTarget4,LifeGainPerTarget3,LifeGainPerTarget2,LifeGainPerTarget1,,,,,,,,,,Gloves
GLOVES (DEX),SUFFIX,Gain # Life per Enemy Killed,LifeGainedFromEnemyDeath8,LifeGainedFromEnemyDeath7,LifeGainedFromEnemyDeath6,LifeGainedFromEnemyDeath5,LifeGainedFromEnemyDeath4,LifeGainedFromEnemyDeath3,LifeGainedFromEnemyDeath2,LifeGainedFromEnemyDeath1,,,,,,Gloves
GLOVES (DEX),SUFFIX,Gain # Mana per Enemy Killed,ManaGainedFromEnemyDeath8,ManaGainedFromEnemyDeath7,ManaGainedFromEnemyDeath6,ManaGainedFromEnemyDeath5,ManaGainedFromEnemyDeath4,ManaGainedFromEnemyDeath3,ManaGainedFromEnemyDeath2,ManaGainedFromEnemyDeath1,,,,,,Gloves
GLOVES (DEX),SUFFIX,Leech #% of Physical Attack Damage as Life,LifeLeech5,LifeLeech4,LifeLeech3,LifeLeech2,LifeLeech1,,,,,,,,,Gloves
GLOVES (DEX),SUFFIX,Leech #% of Physical Attack Damage as Mana,ManaLeech5,ManaLeech4,ManaLeech3,ManaLeech2,ManaLeech1,,,,,,,,,Gloves
GLOVES (DEX),SUFFIX,Gain Deflection Rating equal to #% of Evasion Rating,EvasionGrantsDeflection5,EvasionGrantsDeflection4,EvasionGrantsDeflection3,EvasionGrantsDeflection2,EvasionGrantsDeflection1,,,,,,,,,Gloves
GLOVES (STR),PREFIX,#% increased Armour,LocalIncreasedPhysicalDamageReductionRatingPercent7,LocalIncreasedPhysicalDamageReductionRatingPercent6,LocalIncreasedPhysicalDamageReductionRatingPercent5,LocalIncreasedPhysicalDamageReductionRatingPercent4,LocalIncreasedPhysicalDamageReductionRatingPercent3,LocalIncreasedPhysicalDamageReductionRatingPercent2,LocalIncreasedPhysicalDamageReductionRatingPercent1,,,,,,,Gloves
GLOVES (STR),PREFIX,"#% increased Armour, # to maximum Life",LocalIncreasedArmourAndLife6,LocalIncreasedArmourAndLife5,LocalIncreasedArmourAndLife4,LocalIncreasedArmourAndLife3,LocalIncreasedArmourAndLife2,LocalIncreasedArmourAndLife1,,,,,,,,Gloves
GLOVES (STR),PREFIX,# to Accuracy Rating,IncreasedAccuracy9,IncreasedAccuracy8,IncreasedAccuracy7,IncreasedAccuracy6,IncreasedAccuracy5,IncreasedAccuracy4,IncreasedAccuracy3,IncreasedAccuracy2,IncreasedAccuracy1,,,,,Gloves
GLOVES (STR),PREFIX,# to Armour,LocalIncreasedPhysicalDamageReductionRating7__,LocalIncreasedPhysicalDamageReductionRating6,LocalIncreasedPhysicalDamageReductionRating5,LocalIncreasedPhysicalDamageReductionRating4,LocalIncreasedPhysicalDamageReductionRating3,LocalIncreasedPhysicalDamageReductionRating2,LocalIncreasedPhysicalDamageReductionRating1,,,,,,,Gloves
GLOVES (STR),PREFIX,# to maximum Life,IncreasedLife9,IncreasedLife8,IncreasedLife7,IncreasedLife6,IncreasedLife5,IncreasedLife4,IncreasedLife3,IncreasedLife2,IncreasedLife1,,,,,Gloves
GLOVES (STR),PREFIX,# to maximum Mana,IncreasedMana9,IncreasedMana8,IncreasedMana7,IncreasedMana6,IncreasedMana5,IncreasedMana4,IncreasedMana3,IncreasedMana2,IncreasedMana1,,,,,Gloves
GLOVES (STR),PREFIX,Adds # to # Cold damage to Attacks,AddedColdDamage9,AddedColdDamage8,AddedColdDamage7,AddedColdDamage6,AddedColdDamage5,AddedColdDamage4,AddedColdDamage3,AddedColdDamage2,AddedColdDamage1,,,,,Gloves
GLOVES (STR),PREFIX,Adds # to # Fire damage to Attacks,AddedFireDamage9,AddedFireDamage8,AddedFireDamage7,AddedFireDamage6,AddedFireDamage5,AddedFireDamage4,AddedFireDamage3,AddedFireDamage2,AddedFireDamage1,,,,,Gloves
GLOVES (STR),PREFIX,Adds # to # Lightning damage to Attacks,AddedLightningDamage9,AddedLightningDamage8,AddedLightningDamage7,AddedLightningDamage6,AddedLightningDamage5,AddedLightningDamage4,AddedLightningDamage3,AddedLightningDamage2,AddedLightningDamage1,,,,,Gloves
GLOVES (STR),PREFIX,Adds # to # Physical Damage to Attacks,AddedPhysicalDamage9,AddedPhysicalDamage8,AddedPhysicalDamage7,AddedPhysicalDamage6,AddedPhysicalDamage5,AddedPhysicalDamage4,AddedPhysicalDamage3,AddedPhysicalDamage2,AddedPhysicalDamage1,,,,,Gloves
GLOVES (STR),SUFFIX,#% increased Attack Speed,IncreasedAttackSpeed4,IncreasedAttackSpeed3,IncreasedAttackSpeed2,IncreasedAttackSpeed1,,,,,,,,,,Gloves
GLOVES (STR),SUFFIX,#% increased Critical Damage Bonus,CriticalMultiplier5,CriticalMultiplier4,CriticalMultiplier3,CriticalMultiplier2,CriticalMultiplier1,,,,,,,,,Gloves
GLOVES (STR),SUFFIX,#% increased Rarity of Items found,ItemFoundRarityIncrease3,ItemFoundRarityIncrease2,ItemFoundRarityIncrease1,,,,,,,,,,,Gloves
GLOVES (STR),SUFFIX,#% reduced Attribute Requirements,ReducedLocalAttributeRequirements5,ReducedLocalAttributeRequirements4,ReducedLocalAttributeRequirements3,ReducedLocalAttributeRequirements2,ReducedLocalAttributeRequirements1,,,,,,,,,Gloves
GLOVES (STR),SUFFIX,# to Dexterity,Dexterity9,Dexterity8,Dexterity7,Dexterity6,Dexterity5,Dexterity4,Dexterity3,Dexterity2,Dexterity1,,,,,Gloves
GLOVES (STR),SUFFIX,# to Level of all Melee Skills,GlobalMeleeSkillGemLevel2,GlobalMeleeSkillGemLevel1,,,,,,,,,,,,Gloves
GLOVES (STR),SUFFIX,# to Strength,Strength8,Strength7,Strength6,Strength5,Strength4,Strength3,Strength2,Strength1,,,,,,Gloves
GLOVES (STR),SUFFIX,#% to Chaos Resistance,ChaosResist6,ChaosResist5,ChaosResist4,ChaosResist3,ChaosResist2,ChaosResist1,,,,,,,,Gloves
GLOVES (STR),SUFFIX,#% to Cold Resistance,ColdResist8,ColdResist7,ColdResist6,ColdResist5,ColdResist4,ColdResist3,ColdResist2,ColdResist1,,,,,,Gloves
GLOVES (STR),SUFFIX,#% to Fire Resistance,FireResist8,FireResist7,FireResist6,FireResist5,FireResist4,FireResist3,FireResist2,FireResist1,,,,,,Gloves
GLOVES (STR),SUFFIX,#% to Lightning Resistance,LightningResist8,LightningResist7,LightningResist6,LightningResist5,LightningResist4,LightningResist3,LightningResist2,LightningResist1,,,,,,Gloves
GLOVES (STR),SUFFIX,Gain # Life per Enemy Hit with Attacks,LifeGainPerTarget4,LifeGainPerTarget3,LifeGainPerTarget2,LifeGainPerTarget1,,,,,,,,,,Gloves
GLOVES (STR),SUFFIX,Gain # Life per Enemy Killed,LifeGainedFromEnemyDeath8,LifeGainedFromEnemyDeath7,LifeGainedFromEnemyDeath6,LifeGainedFromEnemyDeath5,LifeGainedFromEnemyDeath4,LifeGainedFromEnemyDeath3,LifeGainedFromEnemyDeath2,LifeGainedFromEnemyDeath1,,,,,,Gloves
GLOVES (STR),SUFFIX,Gain # Mana per Enemy Killed,ManaGainedFromEnemyDeath8,ManaGainedFromEnemyDeath7,ManaGainedFromEnemyDeath6,ManaGainedFromEnemyDeath5,ManaGainedFromEnemyDeath4,ManaGainedFromEnemyDeath3,ManaGainedFromEnemyDeath2,ManaGainedFromEnemyDeath1,,,,,,Gloves
GLOVES (STR),SUFFIX,Leech #% of Physical Attack Damage as Life,LifeLeech5,LifeLeech4,LifeLeech3,LifeLeech2,LifeLeech1,,,,,,,,,Gloves
GLOVES (STR),SUFFIX,Leech #% of Physical Attack Damage as Mana,ManaLeech5,ManaLeech4,ManaLeech3,ManaLeech2,ManaLeech1,,,,,,,,,Gloves
GLOVES (STR),SUFFIX,#% of Armour also applies to Elemental Damage,ArmourAppliesToElementalDamage5,ArmourAppliesToElementalDamage4,ArmourAppliesToElementalDamage3,ArmourAppliesToElementalDamage2,ArmourAppliesToElementalDamage1,,,,,,,,,Gloves
GLOVES (DEX/INT),PREFIX,#% increased Evasion and Energy Shield,LocalIncreasedEvasionAndEnergyShield7,LocalIncreasedEvasionAndEnergyShield6,LocalIncreasedEvasionAndEnergyShield5_,LocalIncreasedEvasionAndEnergyShield4,LocalIncreasedEvasionAndEnergyShield3,LocalIncreasedEvasionAndEnergyShield2,LocalIncreasedEvasionAndEnergyShield1,,,,,,,Gloves
GLOVES (DEX/INT),PREFIX,"#% increased Evasion and Energy Shield, # to maximum Life",LocalIncreasedEvasionAndEnergyShieldAndLife6,LocalIncreasedEvasionAndEnergyShieldAndLife5,LocalIncreasedEvasionAndEnergyShieldAndLife4,LocalIncreasedEvasionAndEnergyShieldAndLife3,LocalIncreasedEvasionAndEnergyShieldAndLife2,LocalIncreasedEvasionAndEnergyShieldAndLife1,,,,,,,,Gloves
GLOVES (DEX/INT),PREFIX,# to Accuracy Rating,IncreasedAccuracy9,IncreasedAccuracy8,IncreasedAccuracy7,IncreasedAccuracy6,IncreasedAccuracy5,IncreasedAccuracy4,IncreasedAccuracy3,IncreasedAccuracy2,IncreasedAccuracy1,,,,,Gloves
GLOVES (DEX/INT),PREFIX,"# to Evasion Rating, # to maximum Energy Shield",LocalBaseEvasionRatingAndEnergyShield4,LocalBaseEvasionRatingAndEnergyShield3,LocalBaseEvasionRatingAndEnergyShield2,LocalBaseEvasionRatingAndEnergyShield1,,,,,,,,,,Gloves
GLOVES (DEX/INT),PREFIX,# to maximum Life,IncreasedLife9,IncreasedLife8,IncreasedLife7,IncreasedLife6,IncreasedLife5,IncreasedLife4,IncreasedLife3,IncreasedLife2,IncreasedLife1,,,,,Gloves
GLOVES (DEX/INT),PREFIX,# to maximum Mana,IncreasedMana9,IncreasedMana8,IncreasedMana7,IncreasedMana6,IncreasedMana5,IncreasedMana4,IncreasedMana3,IncreasedMana2,IncreasedMana1,,,,,Gloves
GLOVES (DEX/INT),PREFIX,Adds # to # Cold damage to Attacks,AddedColdDamage9,AddedColdDamage8,AddedColdDamage7,AddedColdDamage6,AddedColdDamage5,AddedColdDamage4,AddedColdDamage3,AddedColdDamage2,AddedColdDamage1,,,,,Gloves
GLOVES (DEX/INT),PREFIX,Adds # to # Fire damage to Attacks,AddedFireDamage9,AddedFireDamage8,AddedFireDamage7,AddedFireDamage6,AddedFireDamage5,AddedFireDamage4,AddedFireDamage3,AddedFireDamage2,AddedFireDamage1,,,,,Gloves
GLOVES (DEX/INT),PREFIX,Adds # to # Lightning damage to Attacks,AddedLightningDamage9,AddedLightningDamage8,AddedLightningDamage7,AddedLightningDamage6,AddedLightningDamage5,AddedLightningDamage4,AddedLightningDamage3,AddedLightningDamage2,AddedLightningDamage1,,,,,Gloves
GLOVES (DEX/INT),PREFIX,Adds # to # Physical Damage to Attacks,AddedPhysicalDamage9,AddedPhysicalDamage8,AddedPhysicalDamage7,AddedPhysicalDamage6,AddedPhysicalDamage5,AddedPhysicalDamage4,AddedPhysicalDamage3,AddedPhysicalDamage2,AddedPhysicalDamage1,,,,,Gloves
GLOVES (DEX/INT),SUFFIX,#% increased Attack Speed,IncreasedAttackSpeed4,IncreasedAttackSpeed3,IncreasedAttackSpeed2,IncreasedAttackSpeed1,,,,,,,,,,Gloves
GLOVES (DEX/INT),SUFFIX,#% increased Critical Damage Bonus,CriticalMultiplier5,CriticalMultiplier4,CriticalMultiplier3,CriticalMultiplier2,CriticalMultiplier1,,,,,,,,,Gloves
GLOVES (DEX/INT),SUFFIX,#% increased Rarity of Items found,ItemFoundRarityIncrease3,ItemFoundRarityIncrease2,ItemFoundRarityIncrease1,,,,,,,,,,,Gloves
GLOVES (DEX/INT),SUFFIX,#% reduced Attribute Requirements,ReducedLocalAttributeRequirements5,ReducedLocalAttributeRequirements4,ReducedLocalAttributeRequirements3,ReducedLocalAttributeRequirements2,ReducedLocalAttributeRequirements1,,,,,,,,,Gloves
GLOVES (DEX/INT),SUFFIX,# to Dexterity,Dexterity9,Dexterity8,Dexterity7,Dexterity6,Dexterity5,Dexterity4,Dexterity3,Dexterity2,Dexterity1,,,,,Gloves
GLOVES (DEX/INT),SUFFIX,# to Intelligence,Intelligence8,Intelligence7,Intelligence6,Intelligence5,Intelligence4,Intelligence3,Intelligence2,Intelligence1,,,,,,Gloves
GLOVES (DEX/INT),SUFFIX,# to Level of all Melee Skills,GlobalMeleeSkillGemLevel2,GlobalMeleeSkillGemLevel1,,,,,,,,,,,,Gloves
GLOVES (DEX/INT),SUFFIX,#% to Chaos Resistance,ChaosResist6,ChaosResist5,ChaosResist4,ChaosResist3,ChaosResist2,ChaosResist1,,,,,,,,Gloves
GLOVES (DEX/INT),SUFFIX,#% to Cold Resistance,ColdResist8,ColdResist7,ColdResist6,ColdResist5,ColdResist4,ColdResist3,ColdResist2,ColdResist1,,,,,,Gloves
GLOVES (DEX/INT),SUFFIX,#% to Fire Resistance,FireResist8,FireResist7,FireResist6,FireResist5,FireResist4,FireResist3,FireResist2,FireResist1,,,,,,Gloves
GLOVES (DEX/INT),SUFFIX,#% to Lightning Resistance,LightningResist8,LightningResist7,LightningResist6,LightningResist5,LightningResist4,LightningResist3,LightningResist2,LightningResist1,,,,,,Gloves
GLOVES (DEX/INT),SUFFIX,Gain # Life per Enemy Hit with Attacks,LifeGainPerTarget4,LifeGainPerTarget3,LifeGainPerTarget2,LifeGainPerTarget1,,,,,,,,,,Gloves
GLOVES (DEX/INT),SUFFIX,Gain # Life per Enemy Killed,LifeGainedFromEnemyDeath8,LifeGainedFromEnemyDeath7,LifeGainedFromEnemyDeath6,LifeGainedFromEnemyDeath5,LifeGainedFromEnemyDeath4,LifeGainedFromEnemyDeath3,LifeGainedFromEnemyDeath2,LifeGainedFromEnemyDeath1,,,,,,Gloves
GLOVES (DEX/INT),SUFFIX,Gain # Mana per Enemy Killed,ManaGainedFromEnemyDeath8,ManaGainedFromEnemyDeath7,ManaGainedFromEnemyDeath6,ManaGainedFromEnemyDeath5,ManaGainedFromEnemyDeath4,ManaGainedFromEnemyDeath3,ManaGainedFromEnemyDeath2,ManaGainedFromEnemyDeath1,,,,,,Gloves
GLOVES (DEX/INT),SUFFIX,Leech #% of Physical Attack Damage as Life,LifeLeech5,LifeLeech4,LifeLeech3,LifeLeech2,LifeLeech1,,,,,,,,,Gloves
GLOVES (DEX/INT),SUFFIX,Leech #% of Physical Attack Damage as Mana,ManaLeech5,ManaLeech4,ManaLeech3,ManaLeech2,ManaLeech1,,,,,,,,,Gloves
GLOVES (DEX/INT),SUFFIX,#% increased Energy Shield Recharge Rate,EnergyShieldRechargeRate4,EnergyShieldRechargeRate3,EnergyShieldRechargeRate2,EnergyShieldRechargeRate1,,,,,,,,,,Gloves
GLOVES (DEX/INT),SUFFIX,Gain Deflection Rating equal to #% of Evasion Rating,EvasionGrantsDeflection5,EvasionGrantsDeflection4,EvasionGrantsDeflection3,EvasionGrantsDeflection2,EvasionGrantsDeflection1,,,,,,,,,Gloves
GLOVES (STR/INT),PREFIX,#% increased Armour and Energy Shield,LocalIncreasedArmourAndEnergyShield7,LocalIncreasedArmourAndEnergyShield6,LocalIncreasedArmourAndEnergyShield5,LocalIncreasedArmourAndEnergyShield4,LocalIncreasedArmourAndEnergyShield3,LocalIncreasedArmourAndEnergyShield2,LocalIncreasedArmourAndEnergyShield1,,,,,,,Gloves
GLOVES (STR/INT),PREFIX,"#% increased Armour and Energy Shield, # to maximum Life",LocalIncreasedArmourAndEnergyShieldAndLife6,LocalIncreasedArmourAndEnergyShieldAndLife5,LocalIncreasedArmourAndEnergyShieldAndLife4,LocalIncreasedArmourAndEnergyShieldAndLife3,LocalIncreasedArmourAndEnergyShieldAndLife2,LocalIncreasedArmourAndEnergyShieldAndLife1,,,,,,,,Gloves
GLOVES (STR/INT),PREFIX,# to Accuracy Rating,IncreasedAccuracy9,IncreasedAccuracy8,IncreasedAccuracy7,IncreasedAccuracy6,IncreasedAccuracy5,IncreasedAccuracy4,IncreasedAccuracy3,IncreasedAccuracy2,IncreasedAccuracy1,,,,,Gloves
GLOVES (STR/INT),PREFIX,"# to Armour, # to maximum Energy Shield",LocalBaseArmourAndEnergyShield4,LocalBaseArmourAndEnergyShield3,LocalBaseArmourAndEnergyShield2_,LocalBaseArmourAndEnergyShield1,,,,,,,,,,Gloves
GLOVES (STR/INT),PREFIX,# to maximum Life,IncreasedLife9,IncreasedLife8,IncreasedLife7,IncreasedLife6,IncreasedLife5,IncreasedLife4,IncreasedLife3,IncreasedLife2,IncreasedLife1,,,,,Gloves
GLOVES (STR/INT),PREFIX,# to maximum Mana,IncreasedMana9,IncreasedMana8,IncreasedMana7,IncreasedMana6,IncreasedMana5,IncreasedMana4,IncreasedMana3,IncreasedMana2,IncreasedMana1,,,,,Gloves
GLOVES (STR/INT),PREFIX,Adds # to # Cold damage to Attacks,AddedColdDamage9,AddedColdDamage8,AddedColdDamage7,AddedColdDamage6,AddedColdDamage5,AddedColdDamage4,AddedColdDamage3,AddedColdDamage2,AddedColdDamage1,,,,,Gloves
GLOVES (STR/INT),PREFIX,Adds # to # Fire damage to Attacks,AddedFireDamage9,AddedFireDamage8,AddedFireDamage7,AddedFireDamage6,AddedFireDamage5,AddedFireDamage4,AddedFireDamage3,AddedFireDamage2,AddedFireDamage1,,,,,Gloves
GLOVES (STR/INT),PREFIX,Adds # to # Lightning damage to Attacks,AddedLightningDamage9,AddedLightningDamage8,AddedLightningDamage7,AddedLightningDamage6,AddedLightningDamage5,AddedLightningDamage4,AddedLightningDamage3,AddedLightningDamage2,AddedLightningDamage1,,,,,Gloves
GLOVES (STR/INT),PREFIX,Adds # to # Physical Damage to Attacks,AddedPhysicalDamage9,AddedPhysicalDamage8,AddedPhysicalDamage7,AddedPhysicalDamage6,AddedPhysicalDamage5,AddedPhysicalDamage4,AddedPhysicalDamage3,AddedPhysicalDamage2,AddedPhysicalDamage1,,,,,Gloves
GLOVES (STR/INT),SUFFIX,#% increased Attack Speed,IncreasedAttackSpeed4,IncreasedAttackSpeed3,IncreasedAttackSpeed2,IncreasedAttackSpeed1,,,,,,,,,,Gloves
GLOVES (STR/INT),SUFFIX,#% increased Critical Damage Bonus,CriticalMultiplier5,CriticalMultiplier4,CriticalMultiplier3,CriticalMultiplier2,CriticalMultiplier1,,,,,,,,,Gloves
GLOVES (STR/INT),SUFFIX,#% increased Rarity of Items found,ItemFoundRarityIncrease3,ItemFoundRarityIncrease2,ItemFoundRarityIncrease1,,,,,,,,,,,Gloves
GLOVES (STR/INT),SUFFIX,#% reduced Attribute Requirements,ReducedLocalAttributeRequirements5,ReducedLocalAttributeRequirements4,ReducedLocalAttributeRequirements3,ReducedLocalAttributeRequirements2,ReducedLocalAttributeRequirements1,,,,,,,,,Gloves
GLOVES (STR/INT),SUFFIX,# to Dexterity,Dexterity9,Dexterity8,Dexterity7,Dexterity6,Dexterity5,Dexterity4,Dexterity3,Dexterity2,Dexterity1,,,,,Gloves
GLOVES (STR/INT),SUFFIX,# to Intelligence,Intelligence8,Intelligence7,Intelligence6,Intelligence5,Intelligence4,Intelligence3,Intelligence2,Intelligence1,,,,,,Gloves
GLOVES (STR/INT),SUFFIX,# to Level of all Melee Skills,GlobalMeleeSkillGemLevel2,GlobalMeleeSkillGemLevel1,,,,,,,,,,,,Gloves
GLOVES (STR/INT),SUFFIX,# to Strength,Strength8,Strength7,Strength6,Strength5,Strength4,Strength3,Strength2,Strength1,,,,,,Gloves
GLOVES (STR/INT),SUFFIX,#% to Chaos Resistance,ChaosResist6,ChaosResist5,ChaosResist4,ChaosResist3,ChaosResist2,ChaosResist1,,,,,,,,Gloves
GLOVES (STR/INT),SUFFIX,#% to Cold Resistance,ColdResist8,ColdResist7,ColdResist6,ColdResist5,ColdResist4,ColdResist3,ColdResist2,ColdResist1,,,,,,Gloves
GLOVES (STR/INT),SUFFIX,#% to Fire Resistance,FireResist8,FireResist7,FireResist6,FireResist5,FireResist4,FireResist3,FireResist2,FireResist1,,,,,,Gloves
GLOVES (STR/INT),SUFFIX,#% to Lightning Resistance,LightningResist8,LightningResist7,LightningResist6,LightningResist5,LightningResist4,LightningResist3,LightningResist2,LightningResist1,,,,,,Gloves
GLOVES (STR/INT),SUFFIX,Gain # Life per Enemy Hit with Attacks,LifeGainPerTarget4,LifeGainPerTarget3,LifeGainPerTarget2,LifeGainPerTarget1,,,,,,,,,,Gloves
GLOVES (STR/INT),SUFFIX,Gain # Life per Enemy Killed,LifeGainedFromEnemyDeath8,LifeGainedFromEnemyDeath7,LifeGainedFromEnemyDeath6,LifeGainedFromEnemyDeath5,LifeGainedFromEnemyDeath4,LifeGainedFromEnemyDeath3,LifeGainedFromEnemyDeath2,LifeGainedFromEnemyDeath1,,,,,,Gloves
GLOVES (STR/INT),SUFFIX,Gain # Mana per Enemy Killed,ManaGainedFromEnemyDeath8,ManaGainedFromEnemyDeath7,ManaGainedFromEnemyDeath6,ManaGainedFromEnemyDeath5,ManaGainedFromEnemyDeath4,ManaGainedFromEnemyDeath3,ManaGainedFromEnemyDeath2,ManaGainedFromEnemyDeath1,,,,,,Gloves
GLOVES (STR/INT),SUFFIX,Leech #% of Physical Attack Damage as Life,LifeLeech5,LifeLeech4,LifeLeech3,LifeLeech2,LifeLeech1,,,,,,,,,Gloves
GLOVES (STR/INT),SUFFIX,Leech #% of Physical Attack Damage as Mana,ManaLeech5,ManaLeech4,ManaLeech3,ManaLeech2,ManaLeech1,,,,,,,,,Gloves
GLOVES (STR/INT),SUFFIX,#% increased Energy Shield Recharge Rate,EnergyShieldRechargeRate4,EnergyShieldRechargeRate3,EnergyShieldRechargeRate2,EnergyShieldRechargeRate1,,,,,,,,,,Gloves
GLOVES (STR/INT),SUFFIX,#% of Armour also applies to Elemental Damage,ArmourAppliesToElementalDamage5,ArmourAppliesToElementalDamage4,ArmourAppliesToElementalDamage3,ArmourAppliesToElementalDamage2,ArmourAppliesToElementalDamage1,,,,,,,,,Gloves
GLOVES (STR/DEX),PREFIX,#% increased Armour and Evasion,LocalIncreasedArmourAndEvasion7,LocalIncreasedArmourAndEvasion6,LocalIncreasedArmourAndEvasion5,LocalIncreasedArmourAndEvasion4,LocalIncreasedArmourAndEvasion3,LocalIncreasedArmourAndEvasion2,LocalIncreasedArmourAndEvasion1,,,,,,,Gloves
GLOVES (STR/DEX),PREFIX,"#% increased Armour and Evasion, # to maximum Life",LocalIncreasedArmourAndEvasionAndLife6,LocalIncreasedArmourAndEvasionAndLife5,LocalIncreasedArmourAndEvasionAndLife4,LocalIncreasedArmourAndEvasionAndLife3,LocalIncreasedArmourAndEvasionAndLife2,LocalIncreasedArmourAndEvasionAndLife1,,,,,,,,Gloves
GLOVES (STR/DEX),PREFIX,# to Accuracy Rating,IncreasedAccuracy9,IncreasedAccuracy8,IncreasedAccuracy7,IncreasedAccuracy6,IncreasedAccuracy5,IncreasedAccuracy4,IncreasedAccuracy3,IncreasedAccuracy2,IncreasedAccuracy1,,,,,Gloves
GLOVES (STR/DEX),PREFIX,"# to Armour, # to Evasion Rating",LocalBaseArmourAndEvasionRating4,LocalBaseArmourAndEvasionRating3,LocalBaseArmourAndEvasionRating2,LocalBaseArmourAndEvasionRating1,,,,,,,,,,Gloves
GLOVES (STR/DEX),PREFIX,# to maximum Life,IncreasedLife9,IncreasedLife8,IncreasedLife7,IncreasedLife6,IncreasedLife5,IncreasedLife4,IncreasedLife3,IncreasedLife2,IncreasedLife1,,,,,Gloves
GLOVES (STR/DEX),PREFIX,# to maximum Mana,IncreasedMana9,IncreasedMana8,IncreasedMana7,IncreasedMana6,IncreasedMana5,IncreasedMana4,IncreasedMana3,IncreasedMana2,IncreasedMana1,,,,,Gloves
GLOVES (STR/DEX),PREFIX,Adds # to # Cold damage to Attacks,AddedColdDamage9,AddedColdDamage8,AddedColdDamage7,AddedColdDamage6,AddedColdDamage5,AddedColdDamage4,AddedColdDamage3,AddedColdDamage2,AddedColdDamage1,,,,,Gloves
GLOVES (STR/DEX),PREFIX,Adds # to # Fire damage to Attacks,AddedFireDamage9,AddedFireDamage8,AddedFireDamage7,AddedFireDamage6,AddedFireDamage5,AddedFireDamage4,AddedFireDamage3,AddedFireDamage2,AddedFireDamage1,,,,,Gloves
GLOVES (STR/DEX),PREFIX,Adds # to # Lightning damage to Attacks,AddedLightningDamage9,AddedLightningDamage8,AddedLightningDamage7,AddedLightningDamage6,AddedLightningDamage5,AddedLightningDamage4,AddedLightningDamage3,AddedLightningDamage2,AddedLightningDamage1,,,,,Gloves
GLOVES (STR/DEX),PREFIX,Adds # to # Physical Damage to Attacks,AddedPhysicalDamage9,AddedPhysicalDamage8,AddedPhysicalDamage7,AddedPhysicalDamage6,AddedPhysicalDamage5,AddedPhysicalDamage4,AddedPhysicalDamage3,AddedPhysicalDamage2,AddedPhysicalDamage1,,,,,Gloves
GLOVES (STR/DEX),SUFFIX,#% increased Attack Speed,IncreasedAttackSpeed4,IncreasedAttackSpeed3,IncreasedAttackSpeed2,IncreasedAttackSpeed1,,,,,,,,,,Gloves
GLOVES (STR/DEX),SUFFIX,#% increased Critical Damage Bonus,CriticalMultiplier5,CriticalMultiplier4,CriticalMultiplier3,CriticalMultiplier2,CriticalMultiplier1,,,,,,,,,Gloves
GLOVES (STR/DEX),SUFFIX,#% increased Rarity of Items found,ItemFoundRarityIncrease3,ItemFoundRarityIncrease2,ItemFoundRarityIncrease1,,,,,,,,,,,Gloves
GLOVES (STR/DEX),SUFFIX,#% reduced Attribute Requirements,ReducedLocalAttributeRequirements5,ReducedLocalAttributeRequirements4,ReducedLocalAttributeRequirements3,ReducedLocalAttributeRequirements2,ReducedLocalAttributeRequirements1,,,,,,,,,Gloves
GLOVES (STR/DEX),SUFFIX,# to Dexterity,Dexterity9,Dexterity8,Dexterity7,Dexterity6,Dexterity5,Dexterity4,Dexterity3,Dexterity2,Dexterity1,,,,,Gloves
GLOVES (STR/DEX),SUFFIX,# to Level of all Melee Skills,GlobalMeleeSkillGemLevel2,GlobalMeleeSkillGemLevel1,,,,,,,,,,,,Gloves
GLOVES (STR/DEX),SUFFIX,# to Strength,Strength8,Strength7,Strength6,Strength5,Strength4,Strength3,Strength2,Strength1,,,,,,Gloves
GLOVES (STR/DEX),SUFFIX,#% to Chaos Resistance,ChaosResist6,ChaosResist5,ChaosResist4,ChaosResist3,ChaosResist2,ChaosResist1,,,,,,,,Gloves
GLOVES (STR/DEX),SUFFIX,#% to Cold Resistance,ColdResist8,ColdResist7,ColdResist6,ColdResist5,ColdResist4,ColdResist3,ColdResist2,ColdResist1,,,,,,Gloves
GLOVES (STR/DEX),SUFFIX,#% to Fire Resistance,FireResist8,FireResist7,FireResist6,FireResist5,FireResist4,FireResist3,FireResist2,FireResist1,,,,,,Gloves
GLOVES (STR/DEX),SUFFIX,#% to Lightning Resistance,LightningResist8,LightningResist7,LightningResist6,LightningResist5,LightningResist4,LightningResist3,LightningResist2,LightningResist1,,,,,,Gloves
GLOVES (STR/DEX),SUFFIX,Gain # Life per Enemy Hit with Attacks,LifeGainPerTarget4,LifeGainPerTarget3,LifeGainPerTarget2,LifeGainPerTarget1,,,,,,,,,,Gloves
GLOVES (STR/DEX),SUFFIX,Gain # Life per Enemy Killed,LifeGainedFromEnemyDeath8,LifeGainedFromEnemyDeath7,LifeGainedFromEnemyDeath6,LifeGainedFromEnemyDeath5,LifeGainedFromEnemyDeath4,LifeGainedFromEnemyDeath3,LifeGainedFromEnemyDeath2,LifeGainedFromEnemyDeath1,,,,,,Gloves
GLOVES (STR/DEX),SUFFIX,Gain # Mana per Enemy Killed,ManaGainedFromEnemyDeath8,ManaGainedFromEnemyDeath7,ManaGainedFromEnemyDeath6,ManaGainedFromEnemyDeath5,ManaGainedFromEnemyDeath4,ManaGainedFromEnemyDeath3,ManaGainedFromEnemyDeath2,ManaGainedFromEnemyDeath1,,,,,,Gloves
GLOVES (STR/DEX),SUFFIX,Leech #% of Physical Attack Damage as Life,LifeLeech5,LifeLeech4,LifeLeech3,LifeLeech2,LifeLeech1,,,,,,,,,Gloves
GLOVES (STR/DEX),SUFFIX,Leech #% of Physical Attack Damage as Mana,ManaLeech5,ManaLeech4,ManaLeech3,ManaLeech2,ManaLeech1,,,,,,,,,Gloves
GLOVES (STR/DEX),SUFFIX,#% of Armour also applies to Elemental Damage,ArmourAppliesToElementalDamage5,ArmourAppliesToElementalDamage4,ArmourAppliesToElementalDamage3,ArmourAppliesToElementalDamage2,ArmourAppliesToElementalDamage1,,,,,,,,,Gloves
GLOVES (STR/DEX),SUFFIX,Gain Deflection Rating equal to #% of Evasion Rating,EvasionGrantsDeflection5,EvasionGrantsDeflection4,EvasionGrantsDeflection3,EvasionGrantsDeflection2,EvasionGrantsDeflection1,,,,,,,,,Gloves
AMULET,PREFIX,#% increased Armour,IncreasedPhysicalDamageReductionRatingPercent7,IncreasedPhysicalDamageReductionRatingPercent6,IncreasedPhysicalDamageReductionRatingPercent5,IncreasedPhysicalDamageReductionRatingPercent4,IncreasedPhysicalDamageReductionRatingPercent3,IncreasedPhysicalDamageReductionRatingPercent2,IncreasedPhysicalDamageReductionRatingPercent1,,,,,,,Amulet
AMULET,PREFIX,#% increased Evasion Rating,IncreasedEvasionRatingPercent7,IncreasedEvasionRatingPercent6,IncreasedEvasionRatingPercent5,IncreasedEvasionRatingPercent4,IncreasedEvasionRatingPercent3,IncreasedEvasionRatingPercent2,IncreasedEvasionRatingPercent1,,,,,,,Amulet
AMULET,PREFIX,#% increased maximum Energy Shield,IncreasedEnergyShieldPercent7,IncreasedEnergyShieldPercent6,IncreasedEnergyShieldPercent5,IncreasedEnergyShieldPercent4,IncreasedEnergyShieldPercent3,IncreasedEnergyShieldPercent2,IncreasedEnergyShieldPercent1,,,,,,,Amulet
AMULET,PREFIX,#% increased maximum Life,MaximumLifeIncrease3,MaximumLifeIncrease2,MaximumLifeIncrease1,,,,,,,,,,,Amulet
AMULET,PREFIX,#% increased maximum Mana,MaximumManaIncrease3,MaximumManaIncrease2,MaximumManaIncrease1,,,,,,,,,,,Amulet
AMULET,PREFIX,#% increased Rarity of Items found,ItemFoundRarityIncreasePrefix3,ItemFoundRarityIncreasePrefix2,ItemFoundRarityIncreasePrefix1,,,,,,,,,,,Amulet
AMULET,PREFIX,#% increased Spell Damage,SpellDamage6,SpellDamage5,SpellDamage4,SpellDamage3,SpellDamage2,SpellDamage1,,,,,,,,Amulet
AMULET,PREFIX,# to Accuracy Rating,IncreasedAccuracy8,IncreasedAccuracy7,IncreasedAccuracy6,IncreasedAccuracy5,IncreasedAccuracy4,IncreasedAccuracy3,IncreasedAccuracy2,IncreasedAccuracy1,,,,,,Amulet
AMULET,PREFIX,# to maximum Energy Shield,IncreasedEnergyShield10,IncreasedEnergyShield9,IncreasedEnergyShield8,IncreasedEnergyShield7,IncreasedEnergyShield6,IncreasedEnergyShield5,IncreasedEnergyShield4,IncreasedEnergyShield3,IncreasedEnergyShield2,IncreasedEnergyShield1,,,,Amulet
AMULET,PREFIX,# to maximum Life,IncreasedLife9,IncreasedLife8,IncreasedLife7,IncreasedLife6,IncreasedLife5,IncreasedLife4,IncreasedLife3,IncreasedLife2,IncreasedLife1,,,,,Amulet
AMULET,PREFIX,# to maximum Mana,IncreasedMana13,IncreasedMana12,IncreasedMana11,IncreasedMana10,IncreasedMana9,IncreasedMana8,IncreasedMana7,IncreasedMana6,IncreasedMana5,IncreasedMana4,IncreasedMana3,IncreasedMana2,IncreasedMana1,Amulet
AMULET,PREFIX,# to Spirit,IncreasedSpirit5,IncreasedSpirit4,IncreasedSpirit3,IncreasedSpirit2,IncreasedSpirit1,,,,,,,,,Amulet
AMULET,SUFFIX,# Life Regeneration per second,LifeRegeneration10__,LifeRegeneration9,LifeRegeneration8_,LifeRegeneration7,LifeRegeneration6,LifeRegeneration5,LifeRegeneration4,LifeRegeneration3,LifeRegeneration2,LifeRegeneration1,,,,Amulet
AMULET,SUFFIX,#% increased Cast Speed,IncreasedCastSpeed5,IncreasedCastSpeed4,IncreasedCastSpeed3,IncreasedCastSpeed2,IncreasedCastSpeed1,,,,,,,,,Amulet
AMULET,SUFFIX,#% increased Critical Damage Bonus,CriticalMultiplier6,CriticalMultiplier5,CriticalMultiplier4,CriticalMultiplier3,CriticalMultiplier2,CriticalMultiplier1,,,,,,,,Amulet
AMULET,SUFFIX,#% increased Critical Hit Chance,CriticalStrikeChance6,CriticalStrikeChance5,CriticalStrikeChance4,CriticalStrikeChance3,CriticalStrikeChance2,CriticalStrikeChance1,,,,,,,,Amulet
AMULET,SUFFIX,#% increased Mana Regeneration Rate,ManaRegeneration6,ManaRegeneration5,ManaRegeneration4,ManaRegeneration3,ManaRegeneration2,ManaRegeneration1,,,,,,,,Amulet
AMULET,SUFFIX,#% increased Rarity of Items found,ItemFoundRarityIncrease3,ItemFoundRarityIncrease2,ItemFoundRarityIncrease1,,,,,,,,,,,Amulet
AMULET,SUFFIX,#% of Damage taken Recouped as Life,DamageTakenGainedAsLife5,DamageTakenGainedAsLife4_,DamageTakenGainedAsLife3,DamageTakenGainedAsLife2,DamageTakenGainedAsLife1___,,,,,,,,,Amulet
AMULET,SUFFIX,#% of Damage taken Recouped as Mana,DamageTakenGainedAsMana5,DamageTakenGainedAsMana4,DamageTakenGainedAsMana3,DamageTakenGainedAsMana2,DamageTakenGainedAsMana1,,,,,,,,,Amulet
AMULET,SUFFIX,# to all Attributes,AllAttributes9_,AllAttributes8,AllAttributes7,AllAttributes6,AllAttributes5,AllAttributes4,AllAttributes3,AllAttributes2,AllAttributes1,,,,,Amulet
AMULET,SUFFIX,# to Dexterity,Dexterity8,Dexterity7,Dexterity6,Dexterity5,Dexterity4,Dexterity3,Dexterity2,Dexterity1,,,,,,Amulet
AMULET,SUFFIX,# to Intelligence,Intelligence8,Intelligence7,Intelligence6,Intelligence5,Intelligence4,Intelligence3,Intelligence2,Intelligence1,,,,,,Amulet
AMULET,SUFFIX,# to Level of all Melee Skills,GlobalMeleeSkillGemLevel3,GlobalMeleeSkillGemLevel2,GlobalMeleeSkillGemLevel1,,,,,,,,,,,Amulet
AMULET,SUFFIX,# to Level of all Minion Skills,GlobalMinionSpellSkillGemLevel3,GlobalMinionSpellSkillGemLevel2,GlobalMinionSpellSkillGemLevel1,,,,,,,,,,,Amulet
AMULET,SUFFIX,# to Level of all Projectile Skills,GlobalProjectileSkillGemLevel3,GlobalProjectileSkillGemLevel2,GlobalProjectileSkillGemLevel1,,,,,,,,,,,Amulet
AMULET,SUFFIX,# to Level of all Spell Skills,GlobalSpellGemsLevel3,GlobalSpellGemsLevel2,GlobalSpellGemsLevel1,,,,,,,,,,,Amulet
AMULET,SUFFIX,# to Strength,Strength8,Strength7,Strength6,Strength5,Strength4,Strength3,Strength2,Strength1,,,,,,Amulet
AMULET,SUFFIX,#% to all Elemental Resistances,AllResistances6,AllResistances5,AllResistances4,AllResistances3,AllResistances2,AllResistances1,,,,,,,,Amulet
AMULET,SUFFIX,#% to Chaos Resistance,ChaosResist6,ChaosResist5,ChaosResist4,ChaosResist3,ChaosResist2,ChaosResist1,,,,,,,,Amulet
AMULET,SUFFIX,#% to Cold Resistance,ColdResist8,ColdResist7,ColdResist6,ColdResist5,ColdResist4,ColdResist3,ColdResist2,ColdResist1,,,,,,Amulet
AMULET,SUFFIX,#% to Fire Resistance,FireResist8,FireResist7,FireResist6,FireResist5,FireResist4,FireResist3,FireResist2,FireResist1,,,,,,Amulet
AMULET,SUFFIX,#% to Lightning Resistance,LightningResist8,LightningResist7,LightningResist6,LightningResist5,LightningResist4,LightningResist3,LightningResist2,LightningResist1,,,,,,Amulet
TALISMAN,PREFIX,#% increased Elemental Damage with Attacks,WeaponElementalDamageOnTwohandWeapon6,WeaponElementalDamageOnTwohandWeapon5,WeaponElementalDamageOnTwohandWeapon4,WeaponElementalDamageOnTwohandWeapon3,WeaponElementalDamageOnTwohandWeapon2____,WeaponElementalDamageOnTwohandWeapon1,,,,,,,,Talisman
TALISMAN,PREFIX,#% increased Physical Damage,LocalIncreasedPhysicalDamagePercent8,LocalIncreasedPhysicalDamagePercent7,LocalIncreasedPhysicalDamagePercent6,LocalIncreasedPhysicalDamagePercent5,LocalIncreasedPhysicalDamagePercent4,LocalIncreasedPhysicalDamagePercent3,LocalIncreasedPhysicalDamagePercent2,LocalIncreasedPhysicalDamagePercent1,,,,,,Talisman
TALISMAN,PREFIX,"#% increased Physical Damage, # to Accuracy Rating",LocalIncreasedPhysicalDamagePercentAndAccuracyRating8,LocalIncreasedPhysicalDamagePercentAndAccuracyRating7,LocalIncreasedPhysicalDamagePercentAndAccuracyRating6,LocalIncreasedPhysicalDamagePercentAndAccuracyRating5,LocalIncreasedPhysicalDamagePercentAndAccuracyRating4,LocalIncreasedPhysicalDamagePercentAndAccuracyRating3,LocalIncreasedPhysicalDamagePercentAndAccuracyRating2,LocalIncreasedPhysicalDamagePercentAndAccuracyRating1,,,,,,Talisman
TALISMAN,PREFIX,# to Accuracy Rating,LocalIncreasedAccuracy9_,LocalIncreasedAccuracy8,LocalIncreasedAccuracy7,LocalIncreasedAccuracy6,LocalIncreasedAccuracy5,LocalIncreasedAccuracy4,LocalIncreasedAccuracy3,LocalIncreasedAccuracy2,LocalIncreasedAccuracy1,,,,,Talisman
TALISMAN,PREFIX,Adds # to # Cold Damage,LocalAddedColdDamageTwoHand10,LocalAddedColdDamageTwoHand9,LocalAddedColdDamageTwoHand8,LocalAddedColdDamageTwoHand7,LocalAddedColdDamageTwoHand6,LocalAddedColdDamageTwoHand5,LocalAddedColdDamageTwoHand4,LocalAddedColdDamageTwoHand3,LocalAddedColdDamageTwoHand2,LocalAddedColdDamageTwoHand1,,,,Talisman
TALISMAN,PREFIX,Adds # to # Fire Damage,LocalAddedFireDamageTwoHand10,LocalAddedFireDamageTwoHand9,LocalAddedFireDamageTwoHand8_,LocalAddedFireDamageTwoHand7,LocalAddedFireDamageTwoHand6,LocalAddedFireDamageTwoHand5,LocalAddedFireDamageTwoHand4,LocalAddedFireDamageTwoHand3,LocalAddedFireDamageTwoHand2,LocalAddedFireDamageTwoHand1,,,,Talisman
TALISMAN,PREFIX,Adds # to # Lightning Damage,LocalAddedLightningDamageTwoHand10,LocalAddedLightningDamageTwoHand9,LocalAddedLightningDamageTwoHand8,LocalAddedLightningDamageTwoHand7,LocalAddedLightningDamageTwoHand6,LocalAddedLightningDamageTwoHand5,LocalAddedLightningDamageTwoHand4,LocalAddedLightningDamageTwoHand3,LocalAddedLightningDamageTwoHand2,LocalAddedLightningDamageTwoHand1_,,,,Talisman
TALISMAN,PREFIX,Adds # to # Physical Damage,LocalAddedPhysicalDamageTwoHand9,LocalAddedPhysicalDamageTwoHand8,LocalAddedPhysicalDamageTwoHand7,LocalAddedPhysicalDamageTwoHand6,LocalAddedPhysicalDamageTwoHand5,LocalAddedPhysicalDamageTwoHand4,LocalAddedPhysicalDamageTwoHand3,LocalAddedPhysicalDamageTwoHand2,LocalAddedPhysicalDamageTwoHand1,,,,,Talisman
TALISMAN,SUFFIX,#% increased Attack Speed,LocalIncreasedAttackSpeed8,LocalIncreasedAttackSpeed7,LocalIncreasedAttackSpeed6,LocalIncreasedAttackSpeed5,LocalIncreasedAttackSpeed4,LocalIncreasedAttackSpeed3,LocalIncreasedAttackSpeed2,LocalIncreasedAttackSpeed1,,,,,,Talisman
TALISMAN,SUFFIX,"# to Accuracy Rating, #% increased Light Radius",LocalLightRadiusAndAccuracy3,LocalLightRadiusAndAccuracy2,LocalLightRadiusAndAccuracy1,,,,,,,,,,,Talisman
TALISMAN,SUFFIX,#% increased Stun Duration,StunDuration6,StunDuration5,StunDuration4,StunDuration3,StunDuration2,StunDuration1,,,,,,,,Talisman
TALISMAN,SUFFIX,#% reduced Attribute Requirements,ReducedLocalAttributeRequirements5,ReducedLocalAttributeRequirements4,ReducedLocalAttributeRequirements3,ReducedLocalAttributeRequirements2,ReducedLocalAttributeRequirements1,,,,,,,,,Talisman
TALISMAN,SUFFIX,# to Level of all Melee Skills,GlobalMeleeSkillGemLevelTwoHandWeapon5,GlobalMeleeSkillGemLevelTwoHandWeapon4,GlobalMeleeSkillGemLevelTwoHandWeapon3,GlobalMeleeSkillGemLevelTwoHandWeapon2,GlobalMeleeSkillGemLevelTwoHandWeapon1,,,,,,,,,Talisman
TALISMAN,SUFFIX,# to Strength,Strength8,Strength7,Strength6,Strength5,Strength4,Strength3,Strength2,Strength1,,,,,,Talisman
TALISMAN,SUFFIX,# to Intelligence,Intelligence8,Intelligence7,Intelligence6,Intelligence5,Intelligence4,Intelligence3,Intelligence2,Intelligence1,,,,,,Talisman
TALISMAN,SUFFIX,#% to Critical Damage Bonus,LocalCriticalMultiplier6,LocalCriticalMultiplier5,LocalCriticalMultiplier4,LocalCriticalMultiplier3,LocalCriticalMultiplier2,LocalCriticalMultiplier1,,,,,,,,Talisman
TALISMAN,SUFFIX,#% to Critical Hit Chance,LocalCriticalStrikeChance6,LocalCriticalStrikeChance5,LocalCriticalStrikeChance4,LocalCriticalStrikeChance3,LocalCriticalStrikeChance2,LocalCriticalStrikeChance1,,,,,,,,Talisman
TALISMAN,SUFFIX,Causes #% increased Stun Buildup,StunDamageIncrease6,StunDamageIncrease5,StunDamageIncrease4,StunDamageIncrease3,StunDamageIncrease2,StunDamageIncrease1,,,,,,,,Talisman
TALISMAN,SUFFIX,Gain # Life per Enemy Killed,LifeGainedFromEnemyDeath8,LifeGainedFromEnemyDeath7,LifeGainedFromEnemyDeath6,LifeGainedFromEnemyDeath5,LifeGainedFromEnemyDeath4,LifeGainedFromEnemyDeath3,LifeGainedFromEnemyDeath2,LifeGainedFromEnemyDeath1,,,,,,Talisman
TALISMAN,SUFFIX,Gain # Mana per Enemy Killed,ManaGainedFromEnemyDeath8,ManaGainedFromEnemyDeath7,ManaGainedFromEnemyDeath6,ManaGainedFromEnemyDeath5,ManaGainedFromEnemyDeath4,ManaGainedFromEnemyDeath3,ManaGainedFromEnemyDeath2,ManaGainedFromEnemyDeath1,,,,,,Talisman
TALISMAN,SUFFIX,Grants # Life per Enemy Hit,LifeGainPerTargetLocal4,LifeGainPerTargetLocal3,LifeGainPerTargetLocal2,LifeGainPerTargetLocal1,,,,,,,,,,Talisman
TALISMAN,SUFFIX,Leeches #% of Physical Damage as Life,LifeLeechLocal5,LifeLeechLocal4,LifeLeechLocal3,LifeLeechLocal2,LifeLeechLocal1,,,,,,,,,Talisman
TALISMAN,SUFFIX,Leeches #% of Physical Damage as Mana,ManaLeechLocal5,ManaLeechLocal4,ManaLeechLocal3,ManaLeechLocal2,ManaLeechLocal1,,,,,,,,,Talisman